DROP TABLE IF EXISTS cliente; SET FOREIGN_KEY_CHECKS=0;

CREATE TABLE `cliente` (
  `idcliente` int(11) NOT NULL AUTO_INCREMENT,
  `nombre` varchar(100) NOT NULL,
  `apellido` varchar(100) NOT NULL,
  `dui` varchar(10) NOT NULL,
  `telefono` varchar(15) DEFAULT NULL,
  `direccion` varchar(200) DEFAULT NULL,
  `email` varchar(75) DEFAULT NULL,
  PRIMARY KEY (`idcliente`)
) ENGINE=InnoDB AUTO_INCREMENT=10 DEFAULT CHARSET=utf8;

INSERT INTO cliente VALUES('1','&','&','','','','');
INSERT INTO cliente VALUES('2','fernado','antonio','20220121-2','2012-1212','Zacatecoluca','dar@gmail.com');
INSERT INTO cliente VALUES('3','CARLOS','RAMIREZ','20212102-1','7878-8888','Santa Ana','ramir@gmail.com');
INSERT INTO cliente VALUES('5','andrea','LINARES','05189789-5','7895-6458','san salvador','andrea@gmail.com');
INSERT INTO cliente VALUES('6','tere','MOLINA','85421452-1','7877-2534','San salvador','vanessa@gmail.com');
INSERT INTO cliente VALUES('8','Jose','MENJIVAR','85421453-2','7895-4215','San Salvador','jose@gmail.com');
INSERT INTO cliente VALUES('9','erick','MEJIA','','2225-6366','san salvador','erick@gmail');
SET FOREIGN_KEY_CHECKS=1;

DROP TABLE IF EXISTS compra; SET FOREIGN_KEY_CHECKS=0;

CREATE TABLE `compra` (
  `idcompra` int(11) NOT NULL AUTO_INCREMENT,
  `fechacompra` date NOT NULL,
  `estado` varchar(45) NOT NULL,
  `idproveedor` int(11) NOT NULL,
  `usuario_idusuario` int(11) NOT NULL,
  PRIMARY KEY (`idcompra`,`idproveedor`,`usuario_idusuario`),
  KEY `fk_compra_proveedor1_idx` (`idproveedor`),
  KEY `fk_compra_usuario1_idx` (`usuario_idusuario`),
  CONSTRAINT `fk_compra_proveedor1` FOREIGN KEY (`idproveedor`) REFERENCES `proveedor` (`idproveedor`) ON DELETE CASCADE ON UPDATE CASCADE,
  CONSTRAINT `fk_compra_usuario1` FOREIGN KEY (`usuario_idusuario`) REFERENCES `usuario` (`idusuario`) ON DELETE CASCADE ON UPDATE CASCADE
) ENGINE=InnoDB AUTO_INCREMENT=12 DEFAULT CHARSET=utf8;

INSERT INTO compra VALUES('1','2018-11-15','Finalizada','5','1');
INSERT INTO compra VALUES('2','2018-11-17','Finalizada','5','1');
INSERT INTO compra VALUES('3','2018-12-01','En Proceso','4','1');
INSERT INTO compra VALUES('4','2018-12-01','Finalizada','7','1');
INSERT INTO compra VALUES('5','2018-12-01','Finalizada','4','1');
INSERT INTO compra VALUES('6','2018-12-01','Finalizada','6','1');
INSERT INTO compra VALUES('7','2018-12-08','En Proceso','5','1');
INSERT INTO compra VALUES('8','2018-12-08','En Proceso','6','1');
INSERT INTO compra VALUES('9','2018-12-08','En Proceso','6','1');
INSERT INTO compra VALUES('10','2018-12-08','En Proceso','1','1');
INSERT INTO compra VALUES('11','2019-02-13','Finalizada','6','1');
SET FOREIGN_KEY_CHECKS=1;

DROP TABLE IF EXISTS detallecompra; SET FOREIGN_KEY_CHECKS=0;

CREATE TABLE `detallecompra` (
  `iddetallecompra` int(11) NOT NULL AUTO_INCREMENT,
  `fechav` date NOT NULL,
  `cantidad` int(11) NOT NULL,
  `precio` decimal(10,2) NOT NULL,
  `subtotal` decimal(10,2) NOT NULL,
  `idcompra` int(11) NOT NULL,
  `idproducto` int(11) NOT NULL,
  PRIMARY KEY (`iddetallecompra`),
  KEY `producto_ibfk_1` (`idproducto`),
  KEY `compra_ibfk_1` (`idcompra`),
  CONSTRAINT `compra_ibfk_1` FOREIGN KEY (`idcompra`) REFERENCES `compra` (`idcompra`),
  CONSTRAINT `producto_ibfk_1` FOREIGN KEY (`idproducto`) REFERENCES `producto` (`idproducto`)
) ENGINE=InnoDB AUTO_INCREMENT=12 DEFAULT CHARSET=latin1;

INSERT INTO detallecompra VALUES('1','2018-11-15','1','1.85','1.85','1','5');
INSERT INTO detallecompra VALUES('2','2018-11-17','8','1.75','14.00','2','6');
INSERT INTO detallecompra VALUES('3','2018-12-01','478','2.00','956.00','3','5');
INSERT INTO detallecompra VALUES('4','2018-12-01','4','3.00','12.00','4','6');
INSERT INTO detallecompra VALUES('5','2018-12-01','100','0.25','25.00','5','7');
INSERT INTO detallecompra VALUES('6','2018-12-21','15','0.25','3.75','6','7');
INSERT INTO detallecompra VALUES('7','2018-12-21','35','0.20','7.00','7','8');
INSERT INTO detallecompra VALUES('8','2018-12-21','25','0.20','5.00','8','8');
INSERT INTO detallecompra VALUES('9','2018-12-08','25','5.00','125.00','9','9');
INSERT INTO detallecompra VALUES('10','2018-12-08','10','250.00','2500.00','10','10');
INSERT INTO detallecompra VALUES('11','2019-02-21','10','1.75','17.50','11','10');
SET FOREIGN_KEY_CHECKS=1;

DROP TABLE IF EXISTS detalleventa; SET FOREIGN_KEY_CHECKS=0;

CREATE TABLE `detalleventa` (
  `iddetalleventa` int(11) NOT NULL AUTO_INCREMENT,
  `cantidad` int(11) NOT NULL,
  `precio` decimal(10,2) NOT NULL,
  `subtotal` decimal(10,2) NOT NULL,
  `idventa` int(11) NOT NULL,
  `idproducto` int(11) NOT NULL,
  PRIMARY KEY (`iddetalleventa`),
  KEY `venta_ibfk_1` (`idventa`),
  KEY `producto_ibfk_2` (`idproducto`),
  CONSTRAINT `producto_ibfk_2` FOREIGN KEY (`idproducto`) REFERENCES `producto` (`idproducto`),
  CONSTRAINT `venta_ibfk_1` FOREIGN KEY (`idventa`) REFERENCES `venta` (`idventa`)
) ENGINE=InnoDB AUTO_INCREMENT=16 DEFAULT CHARSET=latin1;

INSERT INTO detalleventa VALUES('1','2','2.00','4.00','2','5');
INSERT INTO detalleventa VALUES('2','2','2.00','4.00','3','5');
INSERT INTO detalleventa VALUES('3','1','2.00','2.00','4','5');
INSERT INTO detalleventa VALUES('4','1','2.00','2.00','5','5');
INSERT INTO detalleventa VALUES('5','1','2.00','2.00','6','5');
INSERT INTO detalleventa VALUES('6','2','2.00','4.00','7','5');
INSERT INTO detalleventa VALUES('7','3','2.00','6.00','8','5');
INSERT INTO detalleventa VALUES('8','2','2.00','4.00','9','5');
INSERT INTO detalleventa VALUES('9','5','2.00','9.00','12','5');
INSERT INTO detalleventa VALUES('10','1','1.85','1.85','13','5');
INSERT INTO detalleventa VALUES('11','10','0.25','2.50','14','7');
INSERT INTO detalleventa VALUES('12','10','0.20','2.00','15','8');
INSERT INTO detalleventa VALUES('13','1','5.00','5.00','16','9');
INSERT INTO detalleventa VALUES('14','1','250.00','250.00','17','10');
INSERT INTO detalleventa VALUES('15','5','1.75','8.75','18','10');
SET FOREIGN_KEY_CHECKS=1;

DROP TABLE IF EXISTS modulos; SET FOREIGN_KEY_CHECKS=0;

CREATE TABLE `modulos` (
  `idmodulos` int(11) NOT NULL AUTO_INCREMENT,
  `inicio1` varchar(20) COLLATE utf8_spanish_ci DEFAULT NULL,
  `inicio2` varchar(20) COLLATE utf8_spanish_ci DEFAULT NULL,
  `inicio3` varchar(20) COLLATE utf8_spanish_ci DEFAULT NULL,
  `compra` varchar(20) COLLATE utf8_spanish_ci DEFAULT NULL,
  `inventario` varchar(20) COLLATE utf8_spanish_ci DEFAULT NULL,
  `evento` varchar(20) COLLATE utf8_spanish_ci DEFAULT NULL,
  `restaurante` varchar(20) COLLATE utf8_spanish_ci DEFAULT NULL,
  `contacto` varchar(20) COLLATE utf8_spanish_ci DEFAULT NULL,
  `venta` varchar(20) COLLATE utf8_spanish_ci DEFAULT NULL,
  `reporte` varchar(20) COLLATE utf8_spanish_ci DEFAULT NULL,
  `configuracion` varchar(20) COLLATE utf8_spanish_ci DEFAULT NULL,
  `admin` varchar(20) COLLATE utf8_spanish_ci DEFAULT NULL,
  `idtipousuario` int(11) DEFAULT NULL,
  PRIMARY KEY (`idmodulos`),
  KEY `fk_id` (`idtipousuario`),
  CONSTRAINT `fk_id` FOREIGN KEY (`idtipousuario`) REFERENCES `tipousuario` (`idtipousuario`) ON DELETE CASCADE ON UPDATE CASCADE
) ENGINE=InnoDB AUTO_INCREMENT=4 DEFAULT CHARSET=utf8 COLLATE=utf8_spanish_ci;

INSERT INTO modulos VALUES('1','1','1','1','1','1','1','1','1','1','1','1','1','1');
INSERT INTO modulos VALUES('2','1','1','1','1','1','1','1','1','1','1','1','1','2');
INSERT INTO modulos VALUES('3','','','','','','','','','','','','','3');
SET FOREIGN_KEY_CHECKS=1;

DROP TABLE IF EXISTS perfil; SET FOREIGN_KEY_CHECKS=0;

CREATE TABLE `perfil` (
  `idperfil` int(11) NOT NULL AUTO_INCREMENT,
  `nombrerestaurante` varchar(300) COLLATE utf8_spanish_ci NOT NULL,
  `telefonos` varchar(300) COLLATE utf8_spanish_ci NOT NULL,
  `correoelectronico` varchar(100) COLLATE utf8_spanish_ci NOT NULL,
  `direccion` varchar(500) COLLATE utf8_spanish_ci NOT NULL,
  `departamento` varchar(100) COLLATE utf8_spanish_ci NOT NULL,
  `logo` longblob NOT NULL,
  `favicon` longblob NOT NULL,
  `imgenusers` longblob NOT NULL,
  `color` varchar(30) COLLATE utf8_spanish_ci NOT NULL,
  PRIMARY KEY (`idperfil`)
) ENGINE=InnoDB AUTO_INCREMENT=2 DEFAULT CHARSET=utf8 COLLATE=utf8_spanish_ci;

INSERT INTO perfil VALUES('1','Sistema de Inventario y Facturacion','2020-2020','inventario_facturacion@gmail.com','Zacatecoluca','La Paz','\0JFIF\0\0\0\0\0\0\0;CREATOR: gd-jpeg v1.0 (using IJG JPEG v62), quality = 90\n\0C\0\n\n\n\0C		\0\"\0\0\0\0\0\0\0\0\0\0\0\0\0\0	\0\0\0\0\0\0\0\0\0\0\0\0\0\0\0\0\0\0\0\0\0\0\0\0\0\0\0\0\0\0\0\0\0\0\0\0\0\0\0\0\0\0\0\0\0\0\0\0\0\0\0\0\0\0\0\0\0\0\0\0\0\0\0\0\0\0\0\0\0\0\0\0\0\0\0\0\0\0\0\0\0\0\0\0\0\0\0\0\0\0\0\0\0\0\0\0\0\0\0\0\0\0\0\0\0\0\0\0\0\0\0\0>L>|!kyOۏ$>|_!c{ϱk476d8ϴ}3Qt>ƿ~]/\0\0\0\0\0\0\0\0>aYRy{6Nrrt㜿X݇Q}]9kmٻUԧYps:4?w|!wg`\0\0\0\0\0\0\0\0/4;=k쨯XeKeȺ;qOf4Rn.*f$91Kbku%U|Ek\0\0${܆Qҵp\0\0\0|{>Ggg{Zg+eKmbnpf=4.w]K\\tʋ֖U2)dM}p<ٿ}}^\nstzϳj6e6Z9λUd\\֊ӲɇeI*vu}fcAEwYE\\oRӃXYcM\\]T*]m-/-M7qW\0dmG1 kTZdm.*̋2&Ð>_J4=kv:ܢw}\'g.g;Ga>5^{pc/ynh+=O}0ʲRn&k*deK+d8Ǐ9q@C4PoX_[e_mJh|YsmmTݎ,yriϰ<7ԺcӖ5_o&\\knǷ*b<7H,M$c+#S*R#uw?&W};n4\n]պ⪗PVZd˅9fh|st\\ݎ,bS-ǮapG߯>aj	Ir)nEeg6\'ܘ!ƙǎksY[꘹>g?5u@Y}HohYѧ2v)Mq[7eTTTx|0wvdS,q2%YkoF.\0xXXWMRH,ȶf*C!dcL]vqP\0p-Eg]u\\Sǅ.U_7a]e7gQfr~[gowsߧǌ2ugo;5Z<V[[i51bצ(rcLgpN\nV4?5貴:\\J[qf;r^7c=W.e::5姢[~s}%<:l\0c[t\"Ԅd[1e88YPY1d<s8eqvyџ9	o>[}j=՞fٕQn˥umwW~/TxZ}.|?6NzM3=ֿ}驿.D49cM%nqnct\"%Log\0{ך|\nVv_gWly?IgzZw]mJUcn<]J	.O:4㝃_Rsޱux_ycIۯ-t(C#:(؎/tug_/5ۧ7Mz.&oRO}睗{M}_eQ:\'f?1}Wj>Y|_wlk)Эy]knV}>Qu>w\nVΑyhȇ7\"棏i^N6Mު=.!9JRG:_\\ti^=]<[i[{~|gTQQel\0\0\0\0H8x\0=Ks\'ݧi><e	9z)w~{We|m9oO:k/_а3y\"g=]<899G#%z4pw~o]g[\0᭘iCOM7#OeH\0\0\0\0\0KC0{+/>Ɵ0zW9nGj_B|NiמuY}n<uW_b{4WA6~ں8/(j+=^\"C9]2RU*\0\063\'dǯNA՞x\0[3vqk:oMrx]~1A|\0_ϗGH|ҞZc>VO?{#f4Y(U&+-\0\0]5]?yDjpBv`\0\0\0\0\0\0\0\0\0\0\0\0\0\0\0\0B9sQ/\'rzu*@\0\0\0\0\0\0\0\0\0\0\0\0\0\0\0\0gD8N#ɊP\0\0\0\0\0\0\0\0\0\0\0\0\0\0\0\0\0\0\0\0\0\0\0\0\0\0\0\0\0\0\0\0\0\0\0\0\0\0\0\0\0\0\0\0\0\0\0\0\0\0\0\0\0\0\0\0\0\0\0\0\0\0\0\0\0\0\0\0\0\0\0\0\0\0\0\0\0\0\0\0\0\0\0\0\0\0\0\0\0\0\0\0\0\0\0\0\0\0\0\0\0\0\06\0\0\0\0\0\0\0\0 2!3#014\"$56@%&PAB\0\0\0IibcsE(qqчqqqqчqq09Q\"cs *SdN1Ğ_.&d@,\"<#<g\")\'3I	&!qR8\'Rcu#q#q#ZF,4Сø8g8΃+enQ?ZW@lL+ZVi HHHHH[ITI%E{w#\nWKһhZYRjw?\0ɄkoGn]K?WF;xd#RtI;QuWF\0½n:ڍ)@YOy.|tؿQ\\E`D#ӤJpx}OTKҔF\'8	yn(SV:s2aXrUMJ<CZX:m`Uz	I9My!lk}KD%\nxkV9&kgU_zLHsX5P%X%M¢ws(qr0l*C/>̔Èq7-#H\"A|<cb(T1FĽrfCIe*Rf֣ 5zơpi4|Y|/=#	P־S;4|)ҙ}2Y0~-#H4\".}xf쟒A&%֮ъ%J8qyPܝ.8VtܤQziFiB\">ǅ7}#镅ē=j|u(I%Mű\\OR(U虆jI#H,,4\"#DlM.ĥ~v2Qذ^KJ4I#	!`IFXXEaaa`y[:i\nO>kWtUt\\j($ԾvUκ$TR#I\"XXXiEyX[#?9]V!Z\\jnpk	PR+I\"Cf(0aal4\"1\\Ǆߥfw^=w#X7\n|ovw*IbL8qCߐ{ib*9&#D,-LXW/yR.0rB^5m$Id#}}.Gqm:lpIpa฼_RRǉQ<t.ʑ)q݈_XB1lXW)\0mOi{u$AV+dݔ!Ùm/r9?]=vRSSb4eɜGV2K_VBAyZŁ|!*-2ܹy[4xN&պm#L))-\nq\\Ԙ8&B43M)[u[;LFq/`D\"?S\"|\0]e2\n+A:It\"M2cH>HyBCoqA}l4m mCr+\\XXXXX$\nBBņ q!l9]gYUhNDL?1jMmt+0	~+Q|b~XaaaaaakXXŬ_PD-a`yXb\"	sɃlJLs5#3{Ć8EXq\\KL}E?JE!a`zH_\"r\"xH30绔EX9%H)U9)?)H-)轂!Dtē8:H*S¥LE)ԈXX$)@CG><(! s>9 xHA	#2AU*K`6ԏ	?SþQ%#|~imZN[ҮD)CҨtIʅ\"34mRj?p\"0y0`>#&ij0H5	=j9w7zޘ1[]5u+tҦU~bYA4AeW6xsg6xsw7|sw7xsg6xsg5xsW4tsGG3ts7G3ts\'G2tsW&{aVfP{tJBLt3}*<V5NQ0H\"N1E4\'QF248_}Cpq?܁(my6<DL&Qct1Uy* Щާpۉ\n9\0F@d!	$\']#른8&{+\\1ǿ韦\0\\!A~,\"Gȁt8-61\ntu+,y0bPnI	2,1g1T#[0RNDTom ~JY/Q\nܔCv\'̑A8η6PØmF$cSi*t֪4v0y(VHAˮ\"c\\!iFiE3ߞeN5	?5wlGUnLA8wpTjE!\\S 36ZrcvT~	NkY4ŕO)uC5mda.\nc1Lp8S~{~ӡ7ZIx~$]B8)5ן[R	E\nd*K7볤]e-ʩgڣ~]JܳƑ,Fr|F棑2	48qMr-!Hr-!{7Hnkf!F()iQAX]<aXFP^xv\\Ɛ\\t,8QKÕpj5%\0p9Ï^=+#stn9D<G?LČN8Rd|M]o:|^92ZҞ+DaAD7Axf+1IF[:`0nxDI|Y8S(\"$eb.ta!6MP8\'L8amf	0@Jӭ\'iBI)MLVf*\n*\n`o:fD\0M@ALd`?AxaP 3Jp`,b2d	*jFc7h#ÄF\03;BF!C\nJʨʳ,㩚\"NL\0b<އRgUmsUb\'	C26Û3=4ĥ8SnߵPb\"E ݪt 6iȈXr\n\nd81p0MXX\0\0/\0\0\0\0\0\0\0\0 !123QR\"0AqBp@a\0?6W]o.췗v[˻-ݖyweޝoO췧[-3xسsSusylNXKlhٳdL#ٰ|\"Ɵ\0\'(G\'اgDn7Լ+SwF*aKMN{ԡ&̍jּj>u[kd*\\APZH@]wV^KSjpFBf6[*{]wV^JTPb1xqGW\'<|7G\0jXuoqG.¥e4·?QEϢc3CBİ Z\\^L\"qNx\"\0!k`+}0>iu\0j@뭲a~iHJ|Ɣjcjjh\0/u@n|63#q``ʒuCsE$l/&eGQ~+c1~)Ѓ5 Sҿ˯I jK]Q6aO>x`ZXa[>*l@IUKA^MuZO>Tֽ%0<\n=9.Qs]U*\0ND>w=NH0џ䱴G4*DK+j(W\\O\05\0\0\0\0\0\0\0\0 !13Q\"Rq02A4Bap#@\0?mdJ+PQ=+GԮR}J+GԮRis4vAܤ_]qiak}waB۱>KnFoRl[ڿ?]Uun}K\'귺k8ĪF]P̒1\n5pNH:36Tlk:(\0Vf픫YGYǂ6T+}UT!:Ml#<Q^?`ƻ7\nDEL1q}ɬ$WwUwXO˳c}APqaTәwrXp+̻ٕ2׾	_*d\\\\^C=#Eo *!@\'ZN:=xd}Jz7\0[C^C=4VNݼϋ4G\0a8ΞnRǳ*\0A.8Ne/\'eh.y(];v4\09@Dc1Q.궯궯궯zOQ[i=Km\'j*\032=*Pg[iE;F1ޝ9R1^w*fT7.?wJnҭl	?Ҟg]e8^l)(ѽ>Un|mO,.]LC\074єvن!-P򛐮lw6MV.\0\0E\0\0\0\0\0!1 2A\"34@Qaq#0Brs5RbCP$Sc\0\0?\0F34]f.0\\auq\"EX.]b.0|atO]<|AtO]<|auq\"EX.]b.0\\au1qbA\\.gt{n4Lw\\(9x93v`XiZcjVZjsD7@ς`X,p`X,`#;Kcnl{Lf#{NQߦaY#/>4\\˂qyW~mflߏr:WGF)=L+dw\\X<֬m!yS\'N&L7ݏ\0˔̲Dx#]Ga?wuh#fuQsM#nfovh\n^ЊW[f\\X+{;sd~o\'sW՞zmOܺ2-9Ēz5^]VYVw<\nw,W8yp\0.	=Әz;z{DL=[^?]vSr1p4N:8#ksES,%Qcm#@evvwNl:UIog>#G<{Ԏrҋ/زvH9ڏ\'7\nmQ;sM4䏬\"m`yCr/T`ȗX`ՠ/!P;;se?@\"vZ(rR\05kͽތ\\;ȂiI%/(3̭EEtWGEz6Y;+<e}4\n9;RO<g:5خR,oI_str\nCi|S25np*Z*Ki7RFXw}V;i͖Q)yUqk)SE{ZP;PGZߵIT4厪\\yk)ۜ^[qPS[3\\0WQJpPOgegl>;;_6:Ӏ7s^Ɵ\\\'y)?Gn\nUM*KnK\0P2m*u:;~i)-RVjK}-omg(-&yvVfG.jbvg?kɁd4 =Z\\..Ֆ(کqGZKU\0}hcWcQob8~]fG4q۹tmT+Yuwۭ<\n_ĵ+ZN2)[*E+FFRυ8#UnsYj7rngGwax}d6h4Ngf/u2vZP\"ȡ(BF:)?.ϖ4]6\nۦ[}	(r\0`0Q*l\0*๴%IJJDd1dfߝQw!630~k(I\\)d4,Fܱ#rn[7-l[űl[űl[V!QlA6[΋JFG6*lڄ9VGWw5\nҚG<>vkYD-6s]JvWc̹Sc%ey?J9g6\'/cTUzupUϗS;I;;QA^qsF(J6B#!}h .VZK#f7,`nX3rܰf7,`nX3rܰf7,`nM0\\\\9Q:UiU}r:}bֲ[~l\0_ʔ\\\098x2(ͽ8W3̎{EkVZkVY3|%΍x/`ܿr67/`_¿~\n2d+8Wl(}ѥ\'s\nWb\0`4΅݅B_u8-u\"FX\\6y>Ӯ6S{_d	N֜I8qce,\"X_17H\\+W\0U̕2G:];>e]<|aU@:BBf6eq\'sm%_SQ|&;l!~m᷷H]3P+ߢ7MFDwIȱ4`$(\ndrl1Ԋ`#v>,4B䲜HyWضi!\0[Nr:V4GmB(ZT4Ml7kbnPCx_j|/2Oߧ`^ɮu$Wq\nw8uz:my(f9ZOɚ̞015N9CiEϨM{<xWhLBWiƅ$a厐ɹ  sA,IlRWs;s;j>2Ԏ\027:ۇrY{	OQ;sQ,.5uB|Nt~X\ntV*ҏMHmA9	\"<&6DRO	1֛h^<S\'$=tS()WBNǗ>2H|o0O.^w7*FF?HWȘv8H=ʝ!yw|V.l:OrGuY~AsyWдy\\Ǿ*Ǹ*2O*yP$#g^tqX7wr.q>0cw;kV+ ;YYe4+Guf*D%YU։>+o^M2_޿i{{ބ5JCOo4kdbG[޽ޭMow}WVux@%3tlZ]8D%|]^>%cV`8ǁ^^zضz$\\[3Ɨ~%I\'uVsm\0}`*֕]=4iˆОǛU\nO5}W3z%pWEz]QasXQtq+sU̥wuU^Ն\\L\0\0+\0\0\0\0\0\0\0!1AQaq 0@P\0\0?!\0Qo\'>O|\00	,yy #\'>O|v>5ײL*,\'2y*j,**Ct:Tsc䱮cbգl![fliLx{&э6w7熠sOgBhcq!8Gqq	iI8vnS8z&Tm*,BI$|ʺ1[	[\n#)ۺ%i&dmZ	I$W\"KUT\"F苃c$|{\0ɱDv.b(؄;y?qPf>EE;y߭\0ftɢIf(M!B;g1viU\')1Mȡ҂__ۧëuWp\0\'|͘<r%rnA\0\0\"NB@*#Ę1.pw^n&F2D&82͒2%jJd-BwcFt -rLA%lK#kĝ%$TlEStW&!<^#R(/UqD\'?Ԓid)߂ZB)^bڜɹo~$՟x̆t\0hr 4jbvBBCj61}Ay4BLOw8x!V5)EV|.=A5.q2Q\"P ҸJ`tCr5WԢm$$@poBT3)IJn|:Wuk?4H$^\02dHq=ߟy}h@E}\'GhVm;[,%˒TYx	և&*h2VuVPwDHI4*.˔,,8w.NCITQ6\'!T*DM;&Vz;e+]BROejχǃnX-h9h$1ux؃nIrjE1QAE@REDƞJKXccdef/ĉiC gKt=ӓsroNI\\̹Rj(:\nIPcρ޺:	859Ȝ5ܑ/wXv[$-3w5nQ8+BS\0dФcȖиsy-yEPjIV\\UfAE7	\0~{#\n{=ũ\"RR\"`vb)$l=Gqood<ECy#4wDB-	)N\"L8a@tRbAu3C+EĄAP),CE4^3<xNfҜA-3t!A,9	e͋=#>\\QvÖE-\"M\0r&#z\nu+%3^lXJKXB3wo~Kh[OSgǷ4Y2%H\\H̏\0`aU<\\$ZifhZMG`x0~)՗\"&XnjDBPpƄ!Zor\\Eiv	!iL	%\n(zBTs@N#gG$\'5ɼ`Uf$IeHSSm88O	=)(SpSu$\ne	YM(Bl;?SҚ&.wb_^#da)C\\k#B7bIfB\"ipЇ!	Pc\0a|5Uxj?4Ke*ynm\"u}g*,2f<DʔMRH˟5jE;ϸ=Y	-a	SB|P+]3قAtr;US廱[]q@)h\\Ϥ{/?G1?i[\0\0ͪA>zvgwq-D*G\0KyWjJAl{[JZtr!/D-%wA8]wg$Ɔb1b=b	M	Yd24Yy}g`ϾB2t./vEͩ/Qi[\0b{p3t&%ܶ\"%艀MXI=0DPexr,2,:Ƴ\nʰFi0gn*-)	IF%_y2)k%\nOsS63>Q\0!{ĭ=MˡCuna%~\n\0\nf<mL%w)*%q.$19CEtBN}/	Vm]Լ SoG%=4ǡwIO}23\ns`ӈ5F6,ԘQ\"tIa%ՓXWv\\DBTIϜwds!22Cؚ92u&DAiщ4ERHA{+1R_Qݥ,</Z!2zl%GG7e7\'ifqаx\0vwekL$\'I%򴘋j>e=5kI\0*9ˈbS5vauptCa\"Tr`\nPQ\0с,66Nmd.SJnb̜,,rz:{crtOl3sj4\'@DJ`hibݗ88N8Nr4;	$t-䛴ԙFBBmCLhCmUYu\"EKI䤞)z7CLz2L̈́ddX0\'~ݪBdvvAF\"C\0@hz:ЈwYuJ{GqG+P*lGrK\"OaKm$YgMDݛ%&M6y۩#Cϕ,X9ċbn9,/\0>XO2[72q3-9s9n0BbY	\nܛQoQRmI-#\'qX1Z\\LjE-EG\'k.AUH{%J؇SonֆeF{3ѫv??ы?FsH/N{nwIi{A.?/6t͛hD-0ȱ*b1_z,˟9w>cXt44 4BލG[E	_/̯{-\0S>}i\"wp58u(FKIp0,^d1JqS^RB.rh hBv]P1vMDyIt5DP2BK\0BKAO/䤼1uTt4 dkCeOCq!\0\0\0\0\0\0\0\0<<<<<<<<<<<<<<<<<<<<<<<<<<<<<<<0\n3K0#8<<<lh}f{j<<<n*mw*UO<< V5	u}kO<\"@h~ƴSoP(ϸOfȓ\'#-YGcޅ&йď+]\0u=4&m~e<]q/=ZC\'=Mۢ|NfnٯՎr[S*׹I]7􆍘ni\\</Lד\"rn5I65<x)2\0mLS\'k	$0<\n(\0|f|\"\0X<<\'Uy&88$c<<d񏕃P[O<e4<<B$p4<<<<<<<ܗ?<<<<<<61<<<<<<<<<<<<<<<<<<<<<<<<<<<<<<<<<<\0*\0\0\0\0\0\0\0\0!1Aa Qq0@p\0?\0QCM4^M0cEni74JTI$ȨI$I8=}>=vI$#dX]\nS%d$;/Z Mhd-QJҿ0$iXdH\"dWOnCRK|5,IO68H=GJt\0΢$xIdDL>Ǌ9u|$%<H|<Q\"<Oq_~Z#FnG%L^POMebl$RQ[Ee1K¤i*DOۈDuK%{(bd!VCQM^^ K12*۞8%r1D|\\D\0\"N.Z*ʕ]HM\"@u\"~7n\\G90Koh\0XH#\"%\\<U^nM3&&ήj&]=$tюMSf^F4\'dh#EvBE)mapX~w?1E|ẔcSB\nJI\0Ho݆C&ɹOȆmsovIf*y,uRXJ2m65-+7\'7RErQCJ%=F4(Pbm!w\"v6:\"(Z_wV Eŭ/,l\0!*̡<[?2??\0*\0\0\0\0\0\0\0\0\0!1AQa q0@p\0?R6vq-:z]vqyi\0;Am8RJ2*Tv28lQr@P.>ϧj0-}-j+5E/xpFyJT⯣S.xuPNtܸo[TH`};r0CϞ-3\n_pj8օJKreJ	\\ZQ?~gs\n߻55QG^b6Kge\'DYW\"\\Ō#?sk,yĵzWO4RgxSw3/3Hc.DFy|閸]6HKHXPeg},S1[(b;\0nG}K]!E3譱6(CiXo5JÄ_.h>D:SŁ\0ao0J(U[،=Ϩ˃LA]ˊ?FfqEl\\_GbEZtrԻl!mM2cث5t?ێ̼jU	r\nFԗS	WXBuF8lr\\_qw6bb+ц񧿣;vu B&}H<3d<Td21YfbU?N};F\\aPg)eB~xtXk5L !!r+,oHW%\"aB~ZX9[=	O#Ks\0 mt	L{ Őǩ_&p*?ʹr\0E\0\0+\0\0\0\0\0\0!1AQaq 0@P\0\0?\0vGo|U4wG\'gg̧zϤ|ϸ|ϳ|Ϸ|]Xu(k,g`\0dRcUF2t2Lƚl1^M58ZC]bj[|)y6^,kLLxYq4-V!	:!c\0J6[dB/&ڀK]C7l,d zHz)*#+CBnv(niQfȗ,C\"m2!w|ҋX#9kSHA#\02O!d|Łj&`\'9(p|СiYNXy@=fӂIp>d=n,Eak ˀrUÖ]&[ L,̡Jai}LCn\0O/iYQQHm)a!,fpq[\"p=YE\\!.-t2KG+!.-|*k;P壧\\8ݍ~>K监UݑbbŮ?m]X[xBP%J09IpAQe8]%ӳxݰnjrU	Xha+,\"S$%H5\"LϵcXb\nRSy4;9x%x)?ج;T-Z:¨CPSf\">%w0<%x4WHr!tE+.Ļeqba<2pXkQ^.b\n9^1S2\0H/\n<0* 5Y\n݁s\n7j\'bZ(j.H:E\\.˂.zMRx$1ܺXY:!?5k̙VeBf	zya6<4:	uҥt|B:f:5$EkvS8E\0هYXЃr\\5{Ⰽrqu-ru feUF\"Ts3txLrKY3Kf+o}-=Bz\\q]EJ0IG?>Qx ldk/pSV4Q[x%(j񏄪^_$e9%PReIYLB\nq%ZKܼKGӧ[&f	T1!Y0cB[/ok/-Q/h@]eXzݰ-xCRHE!2Mr&\'J\\e$H2a3mӮXqX|ID9aW,IYp@߀x<1@MB#+#%JA{\n@!+fR=if+b[2\n4\n6걼e+A2ӣ3]p\"lX4FqQS\nW}1tEݪ䶒)1.k#lju^~P\0mg&_N]N\\-L%9rH2hiokњ\'\"g4$f\'I^>tId3~eܥDREebFV4gu1j^Uw_e\0ĵLf!14KIU1]K%4*\\-%D@\\wpp0W[S2UBaNbh-,Rj`3ܧA)!qZ֦U*$m)[iji(NL5\nՆ\nM5~R>ی13Le@ 0´@i.H˦\\w6	(Td	Jx5Ak-6lnfy)%E1ZSVjҌ\\*oX`r;.r)-q7	Rlj\\swcd/W=R}KpjBe-0^|744w2. bUjw7\"AU$~5?@jP8B⶙H*Y}(=-S0G\"Mai(ԕM`VT̳js&׾eA3&Y\\%@Je̲TKYh}Z>\0ߴ1bF$(E5apB4c75PD~x2菼S.ÑV8S7,UJ9\nZR8G%XmhZn0SH:	a	Zk&rWk,E]Uj8VR\\U(.d68:`!U\")wIeA/&Y__6jYQ Vw1]+J07uHCEnh} \0L&.F&?JXīfėMkCRpy[\0aʧ[F8lI 	*,EG\"֙lyBK% 3*4M@--exYvSx#ż0bgIlp4`yFeKNrX.a`MJtjԲP0nJ]^8!*c9ySQZkԅ_9/O+оf#7PJԽ7)OHgqHNq[0F,.H\08#0S4c\n\\/.WXVc͆СrՍ܉~>П`\0k+D7Ci5;~|ekb(5H4Ìᗜ⠨LB2Yp`r֬	rr^k{[+xr0A߿yHDsRTu/IVekiu[ˤ]QjLق5s*|	oS\\7ҥ=_(2\"mB\\3/oÜLZ*L7@\0jTW:*A[m@P4GFdA!m6̚fPSn3te(X6US=|!տh>\0iNzAVGDUQo0TAE*+h蚩/XMh@hiv7`LH^	\0t.\0~riڏJe+9?Q߭)Bn>~z-Y~B:`H!@ӧkٜgoḁj:QHrqLɪ6\"[;F2aj2q#F a1zv͑,	 TQq	2bEņ(RQR)¼Jn*3\0`+F5hѸ={E8\'ѳZ(hJ=Vq-ZqV,9e5v*a=	z&}WUf8$^k@j\0X6B[X/P,kBme߆}	@3ź)4L=B;H7yM!v2k|!`(XU}`\0yO[iϧ+?̣ſ~Y>*}X:h!7j!WJwz&b7,Xe0.s r直ɄO3$PMe5k1ifLQ.`%ouwֲz\0zʮ[j@i+\0V*Qsہ^u.NiagY\0Nf\':ϣ>\0y\0>>?~忱_Io	tr	Q(׬^\0zlG??ZNTπ<}4+,24^f\\cb-1\\̈9ZG0,Zƀ¶ꧧ~\0M\nѢ\\ôȡR[8tAjfYA*,]#ԇV[s\0Aߐ`*&<H4!}+=8ƪᅪM˱:n\'*FYɂTW9{Wj[\\i	RxxgƙiLioP-ְ,K.?n}#%(/ckZ5C\nYR:A]5,\00̛ыQ~i&|0&tBh-Kʤê,/k,Mǃj*RC4WM8MD\n&T}(6*(k0(///#@Yv2r\'ń\nHx\0o+rj+̌.!O\\6p!x\0>Q7ޗ$\":Q`UTbUKqÈ͹5}y,Mi3ܤga2EhW[heJp\\]D0tys=aXj<WzMa]ʽ\'3s=3s=3s=3;Jq%8H#Ȅ܈ʆ2[tEqZ؉Sљ7{l(HA6cw\'RAb )VؠEBiF(0⨇\0rpW7o5c+ #,e:=cn;mi7|MEUǆ<GSr/r/r/r%˥vk7xpNNyN0	ZIt&A<T162ca/.Co(K	V)nzW͇eXDJ05ZH1LA7GAuu\\J#A7(4e  >r$ZK^ʭ9n9n9n(F/x}?8?O?샺_E@u(hcm1Hڎ?`T\0t:~t.j{\0:^cTW7W`gK\ng%/b5oꆔJQndOyb& ^GE6y%f뉋L\\,\\UETXa߱g\"R&\0r>O\'u1e;JhԕtwtBʈ=lk.)>M/*:\\G/DhjKz9I}Ĺv2u)sOh~VJ;J*F傋;Eqi=}Tο&U!PzylRoCsF^S*/4.!y:IM`p<xtɿ&\0P\n:c\0aFH`Ad9B.zǑ}۶@-ClI?phPwt9K lN j꣕gGe]V8\"]iH^=%W\n\0S(EV<1\n=թ*IG(0e@Cwu\0\0?','\0\0\0\0\0\0\0\0\0 \0\0\0\0\0\0PNG\n\n\0\0\0IHDR\0\0\0\0\0\0\0\0\0\\rf\0\0\0IDATxe]u.%ɖ%1I9I)<4i$m8ql˖m13Kh/0#يK۟f=a^[p]hڅv]hڅv]hڅv]hڅv]hڅv]hڅv]hڅv]hڅv]h|εGӴt\'iԗN \0D۞o<chzgPH&U]-.m(6뉜Zv~jzjh}b2Vz\"\';{όwjJNg{ˣ>ߵ=TWk莜T܎\\\\*[~\np7R0DmsΗα>.J)ldb[ޑuk˃oQ0&j HTPR\\h&35o?Yᬺklxt<{W\0t?)6hԝC{\'|kx2rAͿ\"Oշ&U_澝<z;f\'\0;<$߱o`{&FܺRO?J{F){G\04`o*oWWN`VڅhyVzG|Y!tFv{3˪qx$t/-)$ίWxGh<HCsnkyG_Ck=.+MB>0Y|7n8WO9Xʅޟl_m.P(Kk.]݄@x4BdaVJ>]mO?}ϼz39ctcǋX2vm	[}#7	m!CU\0^e:9>\0SqNV\00|#&m9}Fզ==bk\0>ۯvЦk]7zEl^+*F*#U^(乳\0Gy^&<ߪ,OCa2qg>X,#CUDgJ@&\'Dڧ\"\0MHޮd)^%\0%JZVMr^x.{\'U[qzhsoΉpg8bC3/UQ(#6ϵӽxXQ~\"VZ-wy]y\\cl2U.3q}S85,&-wYUP ߗ?JC\0\\ٜ%ҮY>1\0H\0e]tǣh#L;hZJ#QP\n(qa,<8H#KTJu~t܎-t[gS4*_䐧`\\{-u(sag.a<\']P( L~|>*0?i7ZFU@h#.f@$JmCB\\LztօKĒ6#ScfSߖsBT\0ў&me$\0;lӽXmiuNK(F^@Jg)U>q=1ZsbڍByEHP\\/\n	ZT;g?UK2&]lSSaG󈼯S̪f3_%\0,;?]yF\0a\"=qB16:j1[\"J-RC,r`1%!/NQ⬞*c*stQeޛ{<:q9	џY~TlENW7o<х38TBǃX}1<\'R=ٿc+`: b5LG\"Q`3纩PAã\n13Of,䩟R3;2\\`ܔUۋ54CY\\i$\"b	]v.oC#Bs2gT\02@Є+z]L(r(<D{bqʣ9ӛ2壞	Gm1#9DGH*P߃qh^cl/D\0s*\n_~`ѨBE{*^W?<J!Q6x,@*Q\'7EKk,{,ъ,`F>ז-I-p=F8>+\n-@*f(J+IoV<ei}[J	 5~Wk /q;yy	lJ)4M0i\\*kپnV,\n<M)n]r)\0voGw\0\0x;.\0 sOBgL<C43偨kqX(=|Ҷ~_$WE+_ֽRȉW`v0씢8nx?W]ޝ 9P@%	 \'8gKV^Ɍ&oi:KO>ah,ZFM]Aiyo ;6NCAJ>eBH]T[?%nsUTkkx]i,QYB\nU!;\n|L+`܈CpG*hRo?k|~7GJ((Ks\"EH&a\0|H8KO>L,*C\04?Ͽo躁avg`ʬ5rmm;Zcy	]Jm@k;cJZ3?Q**hPe躑#RFJ:ǃ%@M&?BuCǶ%m\'	ft	V+w\nM7\0eYؖᐖecKί+òmtMG۶\\gN$RJnddiی0o+ɩ!BP)m@(*cDYOZ2t0]D4h&rk\0R9rbط3\'WiyOiV;۶0qpAJ+L3{rjF`&=ڳ-@o	)MŜE+9CwJU}#sdVvo|ًWpuwN1\'4F0f,`1ߏ%>Nk<}e~Sfҫu!v!b1rd]\0q(x`_/r]%mi4qђLPVZɜe+8\"*j1=ܹݛ$8؇Rڌ7K\"{ٵjF0cJ+lck/qdYd5WflYae^h@o7vock/18[Ű7M0$p3Ѳ4Q\0A+7NL\"CS@M	(\" 0h4xw&ӉfJ%k~KƑcэTvwkݯsGVeoOSgs;	/)Ŷ,s1iJ^Log-`ܴԃlx}-B+|ncx3,]}8gx3_92]vmδq_F6\nͯ>϶v)sGHUmCh^\\u;Wz\'ưy1טt5#r4Ӽ#<4V?|ki)s^Gnht$pU[tneW^b3+x\'cHKQ]-+֮rNӱCo!3NO@(+6x:~9fיyKFG]t=NhB?n0=^AN8mFOBu]+@I)/B	t>o)RJ;Ŷ-4$n+,²OrĲXh\\t%7|TE9c3}=]8c)fŗq̷E\"=Ql)8z$˚/Bhضmx}w+,ktCgb%e6^>%\\q-^vBc򬹔UVQ84\'GǶm k1=tQ+khʤ\00Ms[P8G\0۶2Ҷ8t]RV?e`z<48R1jdYu	1ϭ\'-\0olJ*fHppן}G?u#RWr>0h}kPRrM55Y|	W!~?dĩ4\0@W[/sa,+շe7M0L^{a:_mos9m߶0f4ښW?y`e\0\\t%%ew:>m#]|Y2A7^yw۷O|1nbj\\c`_/?f|5]7XJt``mC<}ozٷuܝz.2Kx\'8G_q7\\{sh|[c&W!c&Mw9qx?w~x_i9qiY,Zn!485^y\\u˝v*N~GҬxG+tCݽ&#JȁnCMHǌKmgjoM2Ye5/*\0z;i?	S@)N<F[s5%̽rǊ;ʚ:>-4=H_SMtwu\'@tbTX{	6yx14vvڳc\'2cxh8̱(/Cklkt3+ytdmNY^:Ǣl}%\\}ɯ4]<a֍tw~#9~#wDAionbY\0a&B8p+O3{%^O7`͓PVV?Qu7 PVF_7woʍtٴ9l))fUWVc8SGBEu-@	]%CH!\0\"P,-Ê;<ND(HwJf4T+Uh	׿Qf-\\Ƨ44\":OB7RW0v何|ﾅrù4J~_U[O18-kqxLY.f֢h:oˏS#492Pqs_$,+d94̌9/q9AJ%Rpw7^xqORRZUngYJ	DuCc~tf!ъh;]S*uq_:aUՎNM_J*mvu#Fq?	ʼ1&lwBBh,̱`+f130ʎ!\n{6B݈rh;}](QQ%PR1bzLTrQw;}ݎ}Rۏo`i^v]\0y>o1%Ki@#nijx=i	g0KwG+lƜZa-XօfW3X7.㿦S\'8g͸_4r<(K9+c4sOu;ZQ(tM.RU܀Bjo*2AEyk#I~,^W]qc\0Xv<_~uZDB{3.J)&Q}cxLFM`LQfsdؽLS+5kߗdfsl.Fw}\'ϫSם#tX!tAi@L_ɘTDM4MöTOBYI)<}fM/-;?dmk_~p(̅+?]Ay!/BKω7낲NEg\nwנ@3lb.RpH8IGE#)/5k\0gYsic\0bZq|R,wnV m#\\O5,6N?@_g+pv1sѥ\0ԍG<x47\"FMƉ;io!:?0kt>k᡺a_0fGTJ(\'CMFO~}[8}`/m\'	\0Aeu955\"a,4M%维qz_IM}J6Mr}f	eeI/B8ĢaRJt޹y.\0ؑK|54ҲR+JbQ4.**	 m~V]WKÈz¡ P7-2{Jԍ*c{ݵ0nlFMɉ;/ĠCӪӯ✊]TFtr`s(\0:&x$MғR*n_q\'ʤY3Tꆑۿ֦[q5J3g[qt3_BIY9@),F:%,nXqX~=o߄r7͡~$cA*\n/㣫ן~J+YyÝKZ͈\\t4m?sJ%U\"!J+{YXQh;#{2{1f/Bu\0/g-\'0j<>h;>7̽jMqc%r&^H	4=@$Dh:VFYe+ʉ\"2?猞235a:)%i.q5uSV@,}ԍp44cXa5Τwi^v%\'k-))(e\n,FXq;ٹyHѸ$DH&O&	G-QP&\'E<nQz_^		ݮLZg辗_O5s)Ʊ?-,Sfr0i=yןz?e#ٶyy\'>GÈ8s{NֽP\00&w	33a׾ʞ\'\nZC:Du#VP2\"N8A_^f-S?O=++)ŇMLvm,VF\0B$]$B2y碋\'X|Q5y/<.=ay׼/Q^Y)oJ֥gdsKWߖr{|~]F4.yG*UpѲ+8z\0Sjb\0TVSQUoil|c-U?//0j,c͜ۻm־L(+L,(jH5U)[78q`\'a5iɃǢc?&L:yM8dx4O>Jg[;K/qRY]Dlk?x\0}>pp0IS()-%o[a d~Fv6&!AC|+n	S!ˑdҌIi<~AKشy;|KmI[Ivoȴ󨬮IG3ȶo8]-B(|,*G!8}#vS?rkqwrđ}kn~Aʪ:l\'qpvJ4hNHiƯu.Qښػu=\nŢ<ho9Ų+gTa^0ٿ}=0GD~sz*V=vo~zpߧN?I.T<#vl奦TT(	2ۉAEM=oXvDJ\'n)eԎKIy5>\"QnZOĊǒ;&_#Gctur	ۊ#DWJQHum=J){loödKJJi1GppfLKyMM?فe9qVԏIuMRJ:Zhq7cDT7&᯳0]Xn\"RB7RSdWvvJUm{KeէJ|4ʚ:L!4@omi:#PQ]mpiO۲(-~+X6Zd~ԹOP5e^oh3+jg0+¶ud6²,xY>ݙn/B 4Ù8[@ufT!<PQD4u$x4Y;qaOt6%!Ǆ/ښi=tFpPWr^av$gJՄ\'I:[5St~:q$?5+#.ToGi[w8-Y^.-UFit4\'+@I馣8(4Ms~T\"aģ!K}\0ĕATowRs;V(K9V\\%B\n@	-i5\"+o|ڟ>1\nl#@*>J`Ԉ*;;-zH79ǧJ]\\Jt5ƍМE3gV%\0$_,adIzB4-EώTfY	\nUtgBPJ9)z| L`\"&.$?s$@%]lL@\0)J8ȴ2$>}Wd&a:4X\nbt0\n6]wz%@J[RC#%O}U1i$sp̶m|\0cXޮ;ۑFMTMt!Dv-gК[9\'sJN	;\"BӡUFr1T2\"0/IGEV/N)9RHs:sm};|Wh\0BY;@{O#|iYWe\'S\"lDRxa%\n9b̱G\"\":_!@)T\")%N*B1͂2\ne9+YzQZ^`_/{m晇g׈Ǣr3	LzC\\|<<aD$*mV).+F_kqqI1K\'\"M+I(7Z%NIE*D:sH\n4C9]!$!*D1 R`)%PJKT)3/|K.A4`+OS0ŗ^θS)6IIi_LEMWqq&-BpvvF@Pk\' UVJ^(2O*2P/#Ei~$ PaU)ZQHOJSL3Uȩyچ9^fw/*ufVk+)VCeVQ*>IH%HBI_(@eGΜ%+\0سM~sx6G?;^ŗL:?RZQ_mo0e8G,6]ŕ.+KRs\\ȋt1*cUά`>-PpŵNH;j|W$yK4|GNRpL}rwEx;IϰK͑tR\\Ma\\v\\<۟k:Pζt\0P7r%Lڴ\'ՍfRY\nhr{YNOc)זTʁe<UڐDV,;)s:}Ly,\0WDcSuDjA%Yhx;f%<#\\B˭2$UT򺛓W!#G3f$G8t2|O݇&xdZ˴qfN28ۙI	/b%^DVM3c~ZUD\\XHiΦvflpW7LJG&z` `f.We熵⊱fg8pp?5zTVjY\"b&D^?	I)JzJ<;GsAa&dC#! τx|MXX?\0֗mMmZFcQ>ׅOd{|QNWl1GRUr\\BϥsDHfyD,e+d:Le#}E.剬A--7ypp9lvB%Xz4p@?flJjGsȠŋ=ȋO<NܬK棛)6[:\0nLd|RAMBȼO-UF/TH@X<M7%RD\"C\\frbts|&\ns^b`xc\0@@ڢhi쳙Z`yU\ns\',*-RP\\u&smt^{o0f\"t7\'N2ӕ](003HAeLg2oҴ=1̱\'\"T.eTSsLBBIG\"d\'ek\0BSaؚq\n\0! eq@AEsڑOA@~YF;|yxdۺWmgZ^\'*ϭ@d?aiLMh\\vTTc{&ZTL>3+!`\'%ųOJڌ8iEIeh+<vx<(طe-_y̩;B&!τeG\0Π\"GFeR.bC-`Im~)UlE^&^c&tM{Q(*jj1*YM%Kc^[Jʪ{T4{+_&VRG(ǂl!t_+NF~a\0pC`h\"7_0STzAW=Ә/~QNع5~Kӡbx%ςhb` Qp#;t~M<Y׺P*bHZg3gE(E t2O@Z2u^\n\0! cpBeyױĿ}}4jR|񙿢at{w{mߒV/%Xp1vfnwW7tqx4uәlJHF(&/=*G`PwAdro3bn\'=6ŠЯؿsS\'%<AWkք>NbPg|HPz(7PUL\\z!VZJ?<h\nf/ZEVd||~xJ)*ji=.~=mi(@Ւ\\LJ=\nJ	8 )UZRPy_)*>oI*o6GT\\)񓨨JaF#aZO\'aT3zU\n\\=عk^8\0\nq^5Qh(QC\"v5$Ja+ǂ1PK`8$]ѓe|Fho>W]ìĩӨM~A#udH$tAI-&[M80b9>ņZV\n$d1$\n@ˈpnFr?c:twHg(&(\ni9p*H&0EO\'JJ4]Gx 0$W4ז+?sI .JόY׉xښ*siTT莟:ٖEY]ve)NNR^)\0y6$A	x} M~j	B[9-梤渹\nY^Q\0 d\"d؛RضEyue8㨪Chv\"<KOg8yx/\'{57MU݈e͓lylT#2oFҶG{~M7BQq2X(b8iI*e~88cf.YEiy5=]^<?_ULpr:ێ,mɍ 2![\0HPyQ{,{ETRTTױp5\\J&̘OEWZQEݨ	LƷ<YX8.Ʊ29}/?O<*	XL8EQP83quJ[Z:9~\0S1<{\\wWؼ9\"#:gW^a\\ yO)-{Iz:ۇPy֏-+:yuHV|7HogцdHʶ1v\"2t^\\^&SER<\0\"1A+o2IƯiaYr	7sLҊz{Ø4ysln<iA0l1+wTmϾ%Ҷ@U¼߆ڋ,*Sgn,f,+N:ZO4Q\'\'KWrشt\nHR,f\nۜl^~\"0+`?c例<z(	(QX6ضrC=]HP}\n\0:V.-2nKvR%\\sn跥S;btJ0J3{ܚbQbdSP y̕bg|g)M2`̤Hi\'ˣ?.\'nf-[嗣JJ[XZt4-[HHm+&LO3ؽэeεw~Q8yp~^\0=̀m;^K:pVakQˋ5bhhNVj$+-\02dKIIy9w|3ΏR|Zz\\*	4Dv`w:~a>\"yFA2M{KMp0?/eI0<vwo&ֽGpc+E۩fw_b51f4Yғڳ%d_8ט;OB#yb))%}H.8}D!(3f4/l-\"M(l[89v2QJD鋙d |^P2J\0pW9Л5Zİ{|>n{JJ:N7`V<디Q8gݶmG!-8\\L4G0Z^|/=?PJX$Bp)rF]-<\'S1k4~*UhkJiV\\!ǌ˹-oN_0=G*ee̿*0iּ%$]gl$0mF\"*\0pv،U0ƒqӇ?NiYl>vu/>ŞMot\0D#aӤSg0wJV~&L\nfb(e<)a>AmLȔn\"ѐǚBY][^_|;>ԏH~q$?8r`;RY9*V~w~/y BalvxjKRu?(>m3zDn3Hym}Z~oF0z/z:ndM|_d΢	80	\"*X`!%Wgn&	9)TϐWg \0r=}ߧ!,YIeM==ܸm^&%YGJIie.,/\'N\\^JgJ,J^\\yIڰ0\0KȨޚ~KV]Üˋ?JIvn^8v\0M=Lhf`)Ŧ7\nԟ-/ I=j(\nDP	DęJՉKPHsi$`$?OUI|%S̉_0)/^V25<_?8ֿ \n4=s!D8n.c\n\\mfIZr*\'*vVPQ@I|a$+]/^4d\"ϑ2+{<0XI)HRc<,LӃ/P$EOO;pph۶ޅO0=x}ė\\ cW>	^c:]\0i2,s(S^<&Ba\n0ߗ\'wJ\"n?RH(T1\ngLU7bx(fh!4,+N4NXJ%.Ϗ秬+84=D!PF&\\SZ(I;VVĵz\"Mu&LΔ^\'~͑06V\\7ܖ{&1 ,)mӤq8.Z+W3}<ʪrIwG;vldgطm#R;lMӘp97}?duضEIY%S,72{ԏC?O#Nc_Ӑlx	>q+c,:.]ɨ(-็~O쥴I^&s-A~:E&NgYWqʫ9f<Җy%(-.*?u&KVf5n2כc1ZNaW?T8*&\0܂Ŏ\0Bs \03o%Tq֯yH$?ۍ\\o:@_/=Ք%vvFQ(KVw|f`eQ&0jV^{3;֯~Ė7^$dԂQXqMCc^~M44;ʚL@Ih8y0)}[,#L|He3.f+Me,!S3qj<u?(bƜ2{vp;U5:gSfÚgه~ő}PR-$ TeyC2ya	K\0u=^=\'eSn14D^%ckFr\'7axjL#><KhR\0\'~#*5_0^B 4B^%-%ngQRVB9vZv@Mn=%Ifz^?vwNdʫ-:	ʫj2Egk/bqa&h\0`gLY)K4:kZn0pRvJE&ܿAraBJ\\BPVYÝ_+.MgxyǶ\0pNô)7^Oqd,`[a>tC㒫疏|6?(ePVL^iFg[8S>>ޱ,Z>`	gMSg3hBgE\"VvQ*?!\0pTh82Q3	UbzE\"}\nIDnN.[<!W0vgYu-y?q؃e5v.ZDiyEFS^QMw~#YSi+iN&k?IhL6oH.0I+xਚF]vEc\\spIm#mѺ<ۑ_\nlwV(d؝{iJ1MRhaNzL>|ϋ2SȱAOG\\\'J&9+)R\"K\0JT:[$CN+JKB&D9i0y<iy\nWdX~y;[/	qSfpss1ß]vu-\'}?J\n2mZ4YvW_tO\0_&t<~OFQ\'29p뚮1g*G0L-f@j6L:\\dtOiJi:_}Ǐ()eK\n28k;e:#\0 PVշŤs\n\nl}UޏiLu^P&L(?& /J{\n[lfFygο@T0`yi렔{?imEݏˋO=F,Mam~OFˍ@:k/x G^~?f99@4F,~zM34V~O뒫n`ƼE9@Qcr	&\nlIksR*Dxismw1e	pvx\06\0عME.DSsޱ\'b;¾mQWsQcЮ`׳9wWMXa@ؠ)$\\xӄ@4t!x+Q	PG˶=1SgaGLO6G_{+j9w^x2@$HJRbR}aƵ޼GJhpppӅS(O\n\0%H8ľmٱKGk>¡h3a6`t>t-Q(%ѥ9\0CY(ePwf0M])^~~v_?\"6_|Qc_@KNҲr_|%\'sl79Bx4z@!OV AS>l[\"4-_-3yljG}Nӱ~G+Llۢ>JNL48Zi=m<ңatiHgppȨq^-zqP!SCő]cDf0}yNekKc;RRsO|ML:3W:-F*B1 U*Ju)Q1C!SCZ+jꩮ*G0yPx|>/a+X܃?[JLh[\nJ+1v\\g]Q\'hU)`ܬ1N=Z\"#c<;OF\"ZaV.<BxGߦ]3eRbn+^;XoR)l)31k:#N,u	g6d.:y\'O\0NX4;;T9\0\00!sсN{:J=n\"{ע}j6&Of%0f\"K._c=c1r`|V14sQY]CcM^BO˱0>SR\nw?3b͔tHfs)mZbbR?F*,J(a\n@I`=)Ӄ͔bۊUȚ\"ÞD^z{ Q܅NFD8yhWf,u?DW멳*b!\\t*PØIԍǼױY8~`\'RF1=&͇RعETF+c<}pZAV{8c[\nEK1.-I!Tユ)!\"W}npXumALMr1\nh `i3eI<_\n8Rcjr1v]`e7}9i.\'N70Ҷ=a^atFVa<2L?D,^<sϵFݜ``HZP(,h	ٽMBa\"]\0K\"2\'8a,y](*\0ˊl+t]VB/\"tR9bqqPh0MGL`.s߾ޮ6*k\n>/;?CӁݴ5vBs\n۴\0J	b(QץmxQvoXsSiGvo8t;7S8I#?|pTfTV.jFI!kxÇDLr+fbq6,J*f+,I4d(uЂ40)%$A*IiEm|	˲l\"JD46\" ĕ7WtK^}շ}f/^\noӕS.%nx?|c\'M|V<`ow~vfE#a0JB3bx\nc+ic[!JK=a%KBb*Y\\HۦhL&%s*u$ZBK)E!)ޘHw| ׉ō9xZX~y~XG-oUYUcTz;ۉ[C%`\0_G;+%$|u,}})\\r95#фqB	/9tal<Nw|\0W|\'7~^*kmsqXqE tsdS~L_HZOhh.r;HIN9O	F[	E`c4(<iِU;Ef\n<>-q\\(MIb\"=U)I_@EĔIDyݿ;t7$XE|>~F	<J8޳s=;\'DӍ;mf.YM]zҶ9g1i`	oeνHv8X9jR][6G/O}w0n4^zwlY}+Q3qխw1gɊ-زIdl\08o㴳d1g2=x,YX2)d/|t?hx<HBr(	(N1mM]C%SbRϭbF2FIt`\'IʅSR(.=^|\",#3DV`Yu=x@;\0Vb˛{	ۮes.B:f[INx,ʶ7^BZLh:S p0$\nGx_3~t)0vni:|fEym&MnhE:NoΑ);LܲR>(	|nfPVQŜEp_aؖUMGرa-_{wFu(NBVW5TGMdڬFtejVUS8kb̸1F~wn茝0;KBҌlWcI\"Q()+Ö4錘4[z:DeKl0{-X~]mi>~cx ݵ`ig|%GD(ԋw3eܹx4rV|%EB\0^jol:OMiy9.Z<s>?R7rLcg~c6yɳcB\'`̹5+׏˧7ضn^}&RT6p,^uuR0LaL--xe/q>샦R)ů<~ߏco,|*<!@i93kO=ȏ50 ve|V^B}vE0_x?p4A<nWU]B6yןyxCdҬyTVp1c2]r膑Uzx?%40^ym{{ypӣah@g;_烟.dXBLXwOC^|vJayIT,z]q=,xтc`:@w+c*JIt]C$*Omh]IBJ@M7#t1$PYFpDh-z@\"(ع//)K\'n.Aٳu\'@!9_RoNSF){~l_˯?ƒշRR^<\'\n[qJeq0#-\'Ss0ܵvn\0xeXM(LMrx\'a((K-\'v<};,!LPx5Oj|2+sݝ9z^C?%<[+cu v,+ЊUMώg㚗Xuh*e.te]{gk3k|7} d՝;yxg4k~*fyGx؁RAgtS˒D6:hv`oN$-N\\Cw!M\"hh[7/窛?R(ueűeݍx83}Ǹ/2faXO?^~p:l+o\'3>Kc@mds\0`Rw!ӿtT֛5	;Ϟt`#\'Ngƒ\\p)c\'az.V!ziKm8yxֽĞͯ~ %drqy >c۸Xzm?uTcg_:(7>l{7}û63EyIfQ\nd<`_ϰZ^*X]Pz_<1=iyZ__!BARD8o^z{acq&_׿7}*4苒\n۶C޳-}V`Gb#=ă޾WWLØ\\A)xf68֓Ǳ1AQXSl\"R\0Ω)U,z~OEFp_s\"#pR\0faap\"ZR0=@Yc\'R]?zL7mŉIN8L8O<Ŋga3Ww1`y|~Fe̔Yԍ@Ye5_wi:ⱨc	3$4*%SQrs3H|Sm.t,ҩ$ֈ35@IYIMH|%YUutםK\nRjG3qlF{L\" -8yĢ(Ι|iz()-gL>)-D\0>Nq.\'4O<u6V\'22KFf\nf}a4U3KPyΨ]>km;܀BCr\0N*-UU4W(T*=FTqI!;b;mR̦a0Nknvޓ$vA\"@Uĸ=EXuUgUA_OGrwK;l;N{	VPI,Jѽ(qN -\'qs\"	K=3i+nîٽe՚rEc#p\n6hlLbm򬵈n@A˃e\0Tyٕ9*UneaSN%*\0lj,rS,_CSC-@qa]2{uY8Ş<(ڙ9JwPYVn}FB(H_8C ,QP@g|E/SP!\0Τ\0&G\0\"ר<\'JJ=vU \"5	EUk԰r͈آܸ8=RMKBN(@P(,dSfʜU\nq43iHFUú_{򣠟9g-lɜͳ40/RoNE5@P<ޭظyBzdRb$ߥluN.8!YUcX|os:SN.sLJI^x9&REF}\n\0rߙlpP%\0B)ǥ^w[	9۹cbB pJd^K5o@-˰mJ9Zyjv*@5cȠβd_%>d#`3gU-(|R][6 LF,~a(:@3X\'H4ƚggH/@A;q83d1r6ת\054#1iCEipX^lO\nCMvÙ\0(B4insBo XQ8 M0\0]gd@^e|P!+\0#9bip=І /U]p޵ls;Q}6=(NrJP*L\naH3g;=g!ʚdkkih&}^T*L!\0 aWkRZHsCCk>\\\"ę[GJdlpA;KԶHۉJ\" PD+OBQv܁/P:eȝSV#z)\n3\nWbkYǜPwX8;\0,m\' K9|NvH 9s]J񨃀yì䡶#va;;y\0C8L/Һr4Qۅ>m<UYh=t!̈JĸYBX%TI|Kc6QVP?b~Z0&LC%4x\n\0(28+a0˫;0}V-Fp(vltӱ<K$)Kj8BSuđv!bUa٤B>S&Θ4]1h:瞅l|rǾ3)׾P.MSYMy2Pvp>m,]y/#X주}CgMoa3I2,86b޲6ʫܼSGįcv#0Vaw1\\3_I	|P~&k`n\"Oձ!Ĵtߊ:*j7mup%\\6Z4|$رر5lc&OwV8Z:8\0}0ݳPvʬS%oVc0mVFEgiI<&RQ]ಊ*VnK&mEKW0i<x^[wwf̿\nʫ87]m-E!/w\0PZ?\n+[^:mR90Ͼ\0yGOB=k3/IW{+akWQT5+YDQ2Ȼ5Njg:ג\\H@DpaTda?%H\0N$\\tp/0\nM%Q~IT]ғx_ڒO>4u)1!g4`<BqN\\C28}?O5K%cEУNi[>@7-dQNsLOaZ*VތFǸ	ci9~iHQ0ҊjӃRX$@O;]mHv&;H$$SRVIemn2EwGAJ!)%%eUT7v 짻Mw؎+t<\0nJ-ҦچضMg)X̭g;x1TԁRta[VfRx~@#b0rzģ[BIn۶MʚzJ+`?=c\0<d?sۊcFLфK:LC$h$B	F\"9kʚ:jFR2CD!9Wi+a!KfLyahxLX_/V쥗3k*FByuǇ6p45O|d_rG͔Y}\"mX$Zf-c1}^\n_xHp0%5̿Z/\\AØJ!^ZOfTՍd0bTlJ\n\00y,Xy=.p~҄c+2FO0ǋH$Dw[+d+[̶,]K\0^b^z@i%S/~|bOcٵi/aڂ9~2`f3rYz4^M9q`\'kRԍ0yBjGbzW2}rggkq</i8zRmɉرl|<C \0=cz/ }{}~ǘgV<J<({Kc\n<o>sW\\ìoGwoN\nY|M?}UWg֓.xx)ԏ͟*-5S.cޥײu<t(EiE.Iz|5rW=\0W\"){7Imcφ%_ˢWp#7X6U7~ m-ҊW\\ɆQQSE++aIɣ.Zܒs}Mm-;>At=0c\\/2}\n<@}+PTeOξ;`ż_exU,? O]zLxp3;ـ1=#\0cLM7`sցj;Egk3KU7MUmJJ\"ah2͈	S<g	?~y0^˲BJѳ\04#oK+OgLU5|W]<J)^AAyU-.7t $	9Vzoh,a̟դ,&V#T5}݌?gBӘ4{!	b^\"6Sݨ\\aF;!s_y+hn:MDI{6X\"UcN6//=gxvB{uaޠ@c̤i|@k_jG|%;<\\.\0b<<q+jcǀ\05a~ԏȄrvnlXC$8;xdiWUu3^)m*y+Ig/^I\\>/2kn C!;:loqS\\͈qCsvPNUYK/O2elxdŵchn,&m\\ڧ}+6\"/%cގX,?@ܿ~0j}^F6Uu#E+W\'?s*@ Jزȷ1ֻRi98@O7}=]nĨqbKr]EK.Ia0BH*{2_6MGoFl2\"&L)\0X\"~cLN?	yGپn#}d´Y\0%kINű#R,hL>`5D	$agl+g뚧u{s@i9@	t/̽s|%WijnL\n\0)m}A`%-~?YG؉TҲ\n/_/Mڼ~n:]۷oLheo^\'BKkBP=r.I\n\0?R#W9yMlt@RJLӤSsd,RzطfEI dOCȾĭ8Wp;\"߹~}l@08)31&\'硼M7Q\nl[gFnD]f/\\NFO[*FȢKz[i=yJ>?Ə|&ɰWݐUX#_c$MGw\\/S1,Zy5^{n.EyW\0+,Í4Z8bI!YͶ,ZNfC?e 8F2`ҬE̘SR^A41xڠӮc+-hv	!vw0jt>R6cƏ6}[-?(m\'qKI `)b\"NqJ=$lR2m\\,\\¸IS)- |\"Y<X=>?	r<0[׿izmC{wr(*\'5oBw!O;=~RJL\n?ɨKSߜ:~4ޮNzthƘSJ7_zٱUۙ\0BF@yU}ݝhZ*#0#7P8$ܻ\0pj*ǵO @$r`.T.wplN0v<N<cS4۱BxjC:+k?IO+7	`	O\05aah\"+ӣaP:\"3j)tlFUUe|pvaa莔ct|KmmnN@#\\Ҋxh:\n+[yߝgҌYc\ndU&Ƥʩb1bh 	\n6|LIM\"\'0ӿ\0?ax,?PJȱ#<_Rbq{3SZ^IM½_\"s!  n)(;C&!4Db$}4Cw9%:qh盵\nn0z|haD*0A/\nЂ4|z8G@蚅!$g33luf&R5RwFBji:?bKЧH;N7J	Wz7<:\0pѳt1f;Cs	\'2t4wM|;}OKֲ\nihByzzvh[6=ȩ㶍ڡdkH[f#픆d.oR#R\nnJUJtZad*;M;gN+J.Kuѝ+w$R7^w/uwPQ|nh*-2]`KNl[*`0ac&	%KsٮP7bt38==ĕ+\0@fh/HLvb.B]|ō4NkNkjr>Kl]yMnLCwfJ	ΏH/QYIq4(˦3SpԏD[G{\0KRZO5qSOPtwufJ˨i4wM#s(o\")\02\\P\0`HMT t:fUC(ȀBb{\n~+;8k#Bh?Dye5WzO*PRd[KPR`K%Gƨ	SD1kBΘΤY|ɥi+NKdMXBð,iK*Kc;o7{wlBh:m-MUUqwe\n\0X➰DJw2w%^)&li۩M>lŊbvuRY^׾.Z*V^{w}/q6}g)vmġ]t$5K;7r0ROэimFhzR.-C_\0(t -㦶)e,YQ\'1~Lӓq{X&CB<!e?nl&MGpQq] ~MӸhɥWUsBLSfazt`J8sː3cR{r^v<S,rl0cRW%oc\"	ᅇ1bTV1urJ+7iroaޮNO𞭎ĢO>YͣqUTsdNx-bԸx<_z)e;cv\"\"ئi:OcܾA,ˮyٽuGgL<-8XSȥ_Oӑl~N?ʖ/p-w:u.FR6yb֢,z%N>շޮvNK_W7o>$7=b7Gرn\\u˝4[NP\"KD=OgBTTװ1w٪3ic&Mö,f#ab֥mg˛\\r.]lU5u1a\\*3Dt{eAC|/c+0=n-W8yp_愛.n.?rh>^~&^ūorHck\\%k&0j$w}SDZ?u:W(x7?y:7\\Xw/]\\B_N&Θ$)x\np_}#=7^Neǵ+c3paiYN0}6J|۹sܔ|qShŸ<s.^/K.%_~k/<N0Fu~L=9;;ɹ7a71|bsSCucPs^X;Dƣ[)PƦf|G|ɳPt5S0:Rg .Zɯ$^F_XB~^!whC()Xk\'h7n3~ɳ\'Bmȼ+tXN~ÁrtM(KK<|\"M )Hl/ܻ__sǿĜAC$ٿMoq|7%u}-w?eβ+14Dl~\'[FYb`y.VĥS>_X޳%tl0VS\'a+bxs=]]<YpjFntbϦim>Y6\0Eio9AO6NIye&qz:Z	ٷu\'g0@C{7_a.\\6}=]޽o-Ah{m5w$r0HzZ<؞-,*FatbWim>~4Mx9}H]^ramˢslfhsN\'bu/f̹½8MfQZǩh2R:?f3\\+=y&UI(OC\\*|G1#rwo5sE/gW8ckkl{ED4D3̼;\\<2S m艹S֧W걃Ӄ>7A@]Ў	!4\']~G,&\n?$SRVCA<#4؇mYyr@4(#Jm$8mK2		FITM()(IB^YVpp`?RJ4\n\'_R2bP;Hص{Jk/L$\0́AŢ4](0A<%D)_<%EpÃ/^IA۶9ZJb0t%ex|ttsD!# <u_Z@7ˊX	A=V産܋Q?|fVn,xw_HB1<\0\\629Kܐ<튔:K˒nKJFcQHiRQ][*\'Q~/7hALRۅYt*Z>/~H [IhUg/vb҉Nxyy#d஥k୪ٔ+D%A,Kf=2<|ñx)K%p6A2ˏݫH&no+ĉ\\+RE-W-Ml0bBavQ]^!3j܇\"CF%?ܺRmkOޏ>+Z%r2}w\0!\\t)=YKXz-B{׶.?{\n	7Tm+ZQHM\0E8f8g*8J)bN$Ǌ3HڅniJ)k* W&D;λ5^1jk\n\"ݼp߷}Ea\\hN*(绢㽝<!aQ)0KS;\0kO1V9ul?SH:U򎒪x/V!]|[}ĻܘHȱhg\\3qIsJnT]kEg4p\0\"$+\"2oa%JR3XQ߻hx+9\nVZ#=gqj_pCEf08KnEAe4(Υ$_amF߹c6`/F8h\nVYs^hVĥ&^_ɜ~b1-<J?ݽٽ+T>@RVn<9e\\6*N#!Y^*GJ`xǖWpեetu1\0}w:1xx()3#v>-\\*e|eKm[ڹ\0u5f52\0ӫX0stgl(v6̇	ϐ}WC.E!\'Hj.\"Yk|YL0BXRv0FIZJ\n)A$T9 ҍ7g#PrKSh\"k*E~jdb\\4.%w[)kMF6`)W\0	US\'yoyZ^q&7.%n Vb\\\\	%V(||\0o 	krUHLn8q5S\'?*ewHX=T!r-n­_/;ghI=Q3/l-$SPR\"t$x<CT.Y89],E%]Ɨ.m	X#j+~gw\0P23gbB.fy#o!m<{t$;}TP^3zIyFWͩ8$_!-ၩ-8DJqVs)\'4GUp^(GK	lSgʶɥdGJ|6\n(qT\"_dآ\0|f|ٹoUVyYXr\n$I*IMWqť|:=q{g^ꧻC\n/W\0XQGSMߢBϜ3uӧ>ًi\n6ر;D8ȇOo½Ry#\0@	IlÊHgo={eDPI(L9	ޠ\"eg*W$0;np93KY@)j\\#ɗņfJR:(xEԈE!hڙMKJjƌ	ݼ 5|1Mh+2K)l!P(v!@&6*~Dil)2rwNsPYLVU.U@K8.~tE%ed2ڽ̒4YBl[lB54Wu՜eygRAIyIO)b!XLQVYteqsu%(BՕMLz/Km@&NY2.fD(\0PNHMǯ/	!b۸b< Ugnx,mgWN#Z8+]>RT5qv7NM&H\nVq] tz%#kT7ʉ1s]$=2⤱Vщ+tlH=}V* 4혣Z9zAL1-JQ	(mA쾞j s6\\<dsoܒf(c>c1 ^JCMq7Ř5(K4p~SaOc$?e%:{ITsv֞~&$4B>.3ΖAvFGpŊ&LWD-W,9sjR,x38+ՆmRU&caR(BD*frUyxٺ{cLCCE\"_SƥKJ~eU|>_~~pT&BHwsDI470W>3#X2k{ﱥ`,C\0qT8$bF-Lb9Q{Xk^D7K@S?Bt]ϨWKjPP\"R\"+DaS̤p}AyJHU|ibGtuBANIo2ٓ|94T11cqќ*Mngˮ`<W$&ia%nC=a6qO4c+nQk@$꼭<|A+`\"\n!EnKCN=wi#L,+ІYPŮ(Me;>[|:@yv?QD5ύ9rnl%W5ʹ赩gTtȔ*s2Ny>FיTبFiM	fq%;ocmt]8Kٴ##u5ڝ55e~ /N,f[*&xq5x<θ~48dĚA4:}M+ExWYMLf\"/fm1Eεgbg5@r\\nR6N];?p4*S&Due%LV\nR~W	c~y)\nA (/E/dN)ҝ!\0r݊r<FY	R3v\'9QIvcK;}4+sqZulCxQ7c$EX6G9tP$iErS:1:XyqH9.H\nd\"GYb;+[/x8L_lMQc|v싴WCy_]I\'CFiepv_X\"]&	sJ[MX ВBX|ft]g*~׃b\0\0RIDAT]Q59Z;q͢\"VQJIiGCr5׉\0y\\GTSh7x f14BQSdA9 mdw/D	AqϔPC3m$08\'V`]d`Eki_d\"[1w, ;ɞ+X:0/\"fkًE!ܟ?Kzx|MFJ+4ta`{DH\n裃}a2fJUf9Mx0$Y%Q1<qCWh\\KGTD\'oƎʤ8bBaZ#`RM*O-^+RF7ks4C}RAYd227&9C cN@I@\"蒦WgZDAPQ΀0]$D*I2\"|\\Ѕy!ݙ*D~]\";U57,S8;3#3}M[GҮA>~)Fx+\\4ˋ[{l._ab]]7ziݷ%\n:lAj%8pRY`uag$^Ӈ@e%t(G(p;%S4*YvN)zieݳOauZJ@*]P\n/_ Ӟrʱ\'#9R>^SSwYE8\"@E1wEfTR0J_(D<ɣ}Zs:,c%(u&u?%I}ޠEQCcW=j<scKc\"a*#͂czٶ7D,QJb(A*+t.[iua^&KJbu]8Sjt\"}Oȗy9kDVu#D;\")r%!]SK\nB_A%8$)`RQ\"S:IV*=HҐ<IY4.;Ku=ڮz(O瓆ƸR?%oK>1Wf~b6t}*W%x ,IW@*M)zzyhm=:Гi՗ :zh?5c-٤C:[Ss</5kD9b+5[(s\\9Q\';{neL-f0FHS	K*;R:+ЅoܹP䌕-*\\YjZlJi_47pt-h[jR*CT71%2AUF0,9q@\'X83rl#/bq\'T*g¨4yPEw\\QL]KV/Y7MA(*x [ihTm@C0\"QNwk-^߯&lju>tc9+3lƎ?\'^ !MaHj/as4,2<3h\n\005hXRY\0B8)1K3Bw,3KcKPpU,s؈aTS\"!.sID4e]NCI:JЈ[cfǭdlF[&I4+4UrhNu-_l>jMg3\07TUTB}4 `!(t+:b1I_&τ*jk9_aqEvY)Ey@㖫+ru tvs)%4(Ә3`l`ݶf)C6(M3\0^ (R5U3,3>\'.Cr{mÑ,V,vkF5\n(1\\|=79w}h*1ԁTGB(1SVH,6{GFz	B0r4,e^xSmvi`Ӗ8\\bcjeu{G9n%[8G_WbNzE@X1kqGKM4fht;*)QD-;fǑ\'b؄c4yطAٮ@rt.ksBi{K}\",ՙ;=W2iB	p2̈́n	tXf>J6Phy(ˣ[K5x@\n4q><~b@XB(ǰT7D!=ci3OČHNl\nJQ^Md/{CƇ6C ;r㳻vY|a0f}\0S\']l?\"f9sǣD%\\آl[-W_\",b~sH#|=KKd$%@*f-e0yy{[UUeK`cbbZ&^.$$!		ܐ\\\\H#	54Slrլmv[ٝ]J+p}>[wy9qytc#c^BenP+¼g{0SƆ|eSuLk57]k\"A`PG2%ٽ#[m;93k4dκ WB)JvLthG[\'J\0| \"L$:u繁\n4w^er9x.Mum\"ƹQ)kxkFTLL~,px8(:2law_N|G\nqR@W_e~k+]=9j@5e¨b%%\"J+}IDMCdŐ6Xgf?y!L;m!	X	&`o}MۚH]~,=sD\'Y=s<0u)3ǈ-\nL\n\0)܋Z&;-riTi:Si6ܠآgɷox6T6Isu)SA2Amb,B\0yg~8pD$Byj	|!AQ4;~A\'fֻ\n)ŲϷqJN^qMO=]⨙Uƕape$ϛmq<T:t\"3ԏݯ9LMWbjv	ѻ\'ٱ}5]gKص)Įqq}|b`|*o|};kD=tZ%pp%ry9NGq\"B7\"guM Eq}+Ci}-&tu4s_S$jH, f$B;m̋1UgR9CQF5T7 \"=Zy	(ں֓XOL1T]@\n%eA<H$@J[x͒y1娙\\\'9Xb(kM8n2/MצYa>NKP\nU{\nٔ4QKo$TԈ@DlNwo+L}B:\\!=wp;A& >$c7<ͫn!\"HR|*(%$|\"]s2ŜEMΫV<va_JWAAY3Bd`jQgN\0]Ngzē]hh/N+K2vw܎(*$?4_!1V$cP}p4~]Rÿ|eSC~i&sPiRN!\"!R+x<n;Z6lNp=I,+b-)m&X[*U|-`AARuH2pbD $yIs*9xKS䫁YkkyϬ ܖZe#8xw{jS(		\n_)*f$Z$\\(]hK߭gei<?nm/[<FLcrC9򨹿R6>Xf!5Bag+m-ZlHJ6$,K1|F_̍=DO	kBo	`5٦ *aDp>}a)$l:b !Ps5=aJSAkH)6-B+M	*\"!L֩_g\'iEi)0q\";hO-\\~BbdcL|w91:5\nr+ĜĜ!?>T8~WK=Ejm! #_Oi|[]^V\"_pʂLk$uQ;W4?YXL5H,QG(akR7G=痉FdG;4ՇǰLIR><}W\\3¦&=m:	g%TSoyk1~hopJbfYc*_D<5l\\zRXS?0uzie㟿1Tjxy02.aGV9x¡Z%,R{ir^}4\'1[ZNGߝge|= MG>cJX}#o-rZey<9i77QYMt}ץw\n,~3<3)8XͫCl^iפNm?CpGgwmo7]h4vDZF5lt-ċ4ʔkB\"uGaH㺗w-EW;_5WV81qlK&t\\f{k}AN_%Dj(%H ԬZ;=o\n&BWz.L\0Nn3\'o= h\'.cW;6^gl=\n5LvK8~TBК+\":\\0~@\n<Ǉ-U1zl^dE__0Gmi56D^Fi1(tUzfXfh07U{K7[95l1DB&rryR-Y%3uj)+\"(j6}<{YV	^\"weC&ԤӺ9Уպ/o^X\'>A~c9cꙎ=+d 7N1{FYU@UX{ʾͱ=m!6qѪ9ݛ\\=^mZpO}TZ̈́jp1h(FΏ	(ozU+GG-UE\n҅6gbC)hZBkETu\"W	ࢮs_Ǿ*cd&5:.1>3JJ#L_D#_o|b_Cej&43g֦(=B>bk>u\"oyW\\#[81P	]\nI[EɥXBBD5Ga-v_񝯮Ϗ\'/`պ4_R߾#DP@4~E%i&=\nb-:]WB\nw=<ЙhM\0\05<=4aT;\"}&LFrf?EFɯOݜƋjK>21񕁏BG)kC*(ejAucBz.g#=ͭySjߎ5XX(+}O-ِfYS:\"yD *TRat$ݏ82R(vnsKY:?_\\نԠ}sX=B_zxzi\'=ID},Vʛ6Q2sιbdtFjϯ	R(D}\'T(b8JQSX~(b0)l.(V}sè1\"4$J<ie1<!+iWN9%1Ng]#G%91$ʲ2443GieA-\'1lC2*lg_-h%\nkM[4N/|Α:jFKgcO#ELOgҡ_z7uYyo_͛40>t6r%qF^L,A){i7aDo0-w2O@|at+D*I\"I\")	bjx`KB -iAkZ#3˔J`օ$=XQ 3غ>NǃeƧ&yu\'/XDU-(qmCKd4OڒLyCjdH)ڝ\"t?^?<}Ć\0|ߣKc-+~]va\'*XYZj2BqMI*ay]ҴJ3yK:f,RX*6[nXh4Q.A)I)5g=4Jp%IbS\'HN&1qheHbaA\"&I\'$]-MVu(r/PIf3rmVumƪ:9JɊ{M2Un<ϼk¨r/{9x\n/\\&DZô_Dbb,D቏۟W_\\]אx{\'8cgx2=&ܘvnJw¤:ȩZʴcUQ<Bsg7N<WgyO~Ja5vèfHiQbCG)-2%eu¬1||/!/@Nd\n[DSO!r#W+eB\'pVqkN4M\nVhwh,(~+\\g}?\'GE5*7z(WEIJA\'Tz(M,2uY\n#jLXoM}B\n\'\'\"&&jUՊAe敂.\039*7~/:S=FQ`ASeixOF12!\'dj7f0+uQIrO+֒5K78g3hx]{_\"[f~{WIZӀhDkcaTT-E19?s{(ņ_#Z4ohlL-k\"\0Sه&:g~d:SG8j!mmcN܄yg}.`/MTE\'y62ZHҧSXsռz~=uhJX,e:I20qQLv[#l^k٪Ӕ)frAn@=<#!GIg&	(I-UmjmX*Դ\0iMm>Z/mZ4W t6%zI;ߞsUnΦ?OҿY^`k/9Zl\n\'f2yy7^9Z&\n\nE/EP)ӋB_|+$Ut袊&,t4e!&9DRR\\20q}O8|}i,|&4uv laT(D)RF7;L뉇H?Ab0 Oi!vߤ@7|-XWmV4FjVVdADёX2̺u1vlKvC3cB]&xLώj#~R.oy{Y4*}K5ھtYp_yrO5v[,\n0S^_򱦭0X3|t((uYMY#F\\`rf0I	S0`\nbSHI^hZPBC)F\n_p?*ǰU?FŋS$D7>/[`sˀeD).з0Erd\'hCzl/l<rߣVlYbׄHAZL(C}ӮF,Ni3+.ޞ`HGn??uQ=4gOhZVdH;pw7-7zy#J)w{㻻ՉґW-#д%wC3cƋ{prKj|L`N\nbEƦcn\',21Ev\nD\")DCSCFxH<g2fzW`!A)Gp	%´NnC3?Ky,m6ӷ*(mj%z)53:q#z΁Qqr8:UV5A&,ǅ0G&XՈ`Q\0f6\\qI[ҬXň:	gK(#Znm\"ļIIA)T&t9h*DM>X=9[`INW~Sc~^ˍ]F5ٕml|MY>\0U@GRЮ(7\'CR%&1HLÄEnfYo`	gn	ib֧X*/EC3rbN7_ѠAP;qD44B*T5o]UGȻMLY]W{vSvcJuC*6fCQ&:yY5p\' ҵ\'hmشd+{L@knzd˾Y#B|{,/DA{F,HUp5r5G_Ld<,- Z\"HSyc׶1U\ndWOdu;k>\0|$Eф}Ϫ[>ӑV*}̬`G_ؚsf!LR(WQk)CeqGSD.Z21۲rv2C\0Z--e ua0_DUQ\\#TZ$GE.ЄMXh%\"Y.!Ԏ[	8/㇘dTB_\0aEfyyY#̭U+)`;h&de.%+:5vo?L:iH&v-zR`nrGY=%iJj$YZb<sã{+LLyo,huE3¯5MWk|_!n|\0LیOO9LG\"-#,V[cB[,=9}|Lف%7RѶVt\n!buB\n)P<υ@?cQq$qS[)]U%/\ntTYyA酆j,\\ay4	=GBϒԧHDJ,*\nRR#!:[~TtRW2PZX`\'kCQ1\'@~\"QQB\"$Wl[g+DsJ9B#!|{$g#kAF&.!ShNByNAޞmЬRв.Φw\n/U(Z|<5K{F\07֝gcū+Ճ3زDSOQk!\0N\0I^(^~s)\'VCTIӤ)M$)c1Mڜ&[ K#&*1XcX|5HB6;SraMq>ZF$;PnmWhYۧۡl֬NjhFpS_ʒ3Eg \0O艰}7&ϸVei\n۷I{_>zFWQV1\'gTمkK+ZqE%Pcj]8Ͱ%KI:7wzszXnI-Nj-0;gRl=F!eNlN=<BʜFBm^oӌU:,r2\nl#@/s3*}zSAތc}6ND---iIkNkZm)POdziy^\\B#w[MJl7.d災w^ˑ\\s۫S\\;&wq\n>7+p$HmII N\"U^f?4EDdЅCXd6?g<Ba\nv3^Vq4՚tADgeɓJ\'JRĶts\\\0A5Ms[)W`%4R]ϩC\'lr|$DM.u7cV!9uK~_ylyy#dH-Ƒ̽^\n`\'#m5A\n`}iSPdȾΫMo],mWKQM[\0{fʤiV\'&y$!\',	Q,7BMp$\'3vV1f̫^ z~k]\nڰ\'GO<Fi<Tʣ:Tfy,g^芚̪!DРug7wN34idRҩ잯u7z^qw^\0\0oo%vܴtx6FbMTqd-Qj*Tλs.\nXӄGZ$,Nl\\wOұ9\'@2;8ZXGɍHud0K\"T\'>\nے2&K?η5/Yъ\\ÉKLo@m¾!c:n`:a`aiR)BV\'3f\n%@[x8[{n5<|\\vq7wG~.%~gGw\0o}^ɓ*v&6lv1R:FIqإp}QUs6NN.$@MER&SK\0:;:ߗ|\'!t|D~{v0X&<ºU(Lͥ=:ɶEOa:%<[Quʨ-MX>aMp}[mm)>.e8{Hrm\\q})\\_5W.*ΣJY:9}@HAێknH9N͑f|-ȗw̝?<),HњxX\'B\nGJ[\"^C7ys$nW_ΰ}29=n$3ox]RUi$8_3\n\'Oҟ8I_b(1RC#vdta=\'qd,ȹjPݑԹ`eDgxrT̉}$N>D4M°s,N,fwmv5b6g?ITO3	mqˇW+Ǿ%D\nO9SPf?eS΃4G`cCqsܭ\0&Edf8{VټsaBDja	f փFgFih8\"D#՜2X$UFeڦBEVN*qN}ͷȖcx\\}8Up<Xٞ2OEhnؽ&&b+qSp5Cr湜͑w6B,HܙfͽBg=ZфO9o<vWng<!(-3x8Tj	s.\nhMV/pnG	0TʔRgk^l(mª@9E$[Zџ\\PHᣔ g%*vwjr)FB ^\":;S&I]wUCyCF?@ä2^Q#.2 P?֭qC-t\0CFv翞{c5|iW#C\\u}g;\n=Jhy_js. _]B#`UL8}iqhuƦ_5l2,a<~8c6im<攉R#2}lh9J2TМ\"a*<53[zzl2cTlklIb1ң6cb!tBZh.):7j28[mEֵZ_Hq݉-@ݾ|zSf+u60Ռ}g81jqnsT\nETiA )z͸~x.5\'rb!HkK:wNE5d43;L9.\\4k.\"*ҟ`{~I슇Aq|UPp=.:T-tm]-ttk܍7@!U]55q(A$=HgXvao|]+s=D4\'hlOEr|ig;3kbqO䨧T&vt0	Zgc 搃R:v_JEgt.~CHmO_oPKb2a;~I64/5L{ld(zvz98r/SN+99 ְLΰ#jJBR=J*^~hq)ZT<黵Cŉkw-̬LPjURnvtkX/}p|U3=e3y$MAj`xKc[_H*Nwb{q@)^48Wy]/>:)V\'Nҟ79Bwbn|t5@|cvƪL-x*Ttxu)AHT}EU]ʖKSF9fWQB&-8a̘8s`\0EDOz[?$sj->8^<vu\0=&¯zNDct}[:ByC\0(m<]i7-7tGf3-߻TsgD<p|p|tL1FGd}azJIjrLJ3cv&-di^vk>|;M&\\wFP6kGa]ޘE,o֏vCњ+/[5.Θ-;x/):YN}\'SgHRLjŏBscX^P4fQcD5ȋ\0[\0,Bb%\"G75BO| *NkRuBdI&+d)rV\\5AcL>ըE໕oan-nףt[8BZ|/uGַ\\%+;t\0{Կm*WqVp6EuNhP3vqvktx/0V?OcO@2:[|9K@}g󎭮孂t[*-iZZ#ӴDDPYsI<_S)a*nd+p2M=%!M\nIvA{W7]W$/Ǽ5Zv}/hx|#+y`_yi߯%{/W:rKp43ʭQvvQK\"41[@CEOqt)Ǌ;9~Ӎl9;/HJs|h3!WFCT]\"o)[|	%iݣXY|~ƫ*MK4u-/Ď/f*(Yk.H\0(L,C}M8?u|+/TOִڽTN*PamP]O+x:Jb kOs\0;3ڪwy4G٘9\'˯ǃJA6O{g_T+?pê߽]ζΛj]Pv\0<_w[-̝ik4T!6ʗtහ!*Py=Ǌ6cdL\03v9XAqϚ{Byfv?bu;Ѻ;}/ĔGz[g8 [;_}\'\04_\'ּwoYؽN}w{)V(_օۗ<9>U/he5G;7 kϒ/Rͷ(Os\0qONX\n\nRmh\'ng]nJܜ:aB\'%_oTږ/H \0wT/c1ktep*rQ&fV^kNͭ`jȝc~_°׈\"=3;c5ETW...h5]&r6y#3IOJSαw]yOћvC\0\0_ۄ$_ǯKg`:xӘo80gqV4mX;QpA\0Ah8~J.eZQX4\'\0bPBK Bul_*\\VN\0+!]}^LI%xJQr<lBwG*U-^֌>.CŮ[_ x/\\yA\0bF37뾽㲓{ˉw|0|$*5ӗĺ\'iNs>\0vK]e0^^ŌV)vPӀVmI=(\n	LIGHlh51CרӾfAX=sEPw|Of<5U ;NKϑ\\VQ<4i.D_O枘*o^xy@E2d[q%P(U<qvJkf VylBBcFLzTed\"Xj ):CdUDcMTՐK	\\>c2Qi>M?H<2hDUMN!!ÇZ+O}h>w|V\'/X\0p\\WYFV/崅\'2pI!%4mX\0R@jaHi%CL](SBpgʀ1F)=F9CUZHE)O{ȁGI}}b4Q_Aj{a,4u>IwrA;^\0\'d}@~ם>%gR>()qꛣdj+ю[\nM(,/BDjʫ)x(Ct]?v&u%!Dm{Egz]Ƌ%l٢843lh>ƚ!CG$-uy/k!&vgqW0Z?u\n/H|	\0c#u_~#{ۦm{!Mew\'y([j_u5)+:Qm9 <\0GbQnr\'\'(St(=$D%74%qmXd0hԜV)>ӎϔ1iU\nb6]Ey-i4eQ/KSL?Bi\nB	vm+IqVxͦýkgn94qǔ&M^^xQ\0;2>W@Hl~pa߻-Ы2-*>C%2Anw\0a1lBʠw8^JC^+Ɩa\\F&NQ] ,\\!dXSQ\nׇ(,:\\mYH.,ºM[,C0k[N2\\gQ9e!\nOm=ޑVB%k}?<;>[K_׿q!}w0+ӻ۫\\o;)ǷKqSwd~(sV!	pq+tő:@x|\npe7xr;VrVB8*#8*H5*1ِׯji}),Ll,BZf5,9t%gv!B(*cgXSUuEyi]7\"CK҄QN{ʏ2X\0|/2m \'Uz(H@o+Ff䎗QA]ҁ)3e/ =.:y;NJS(%;Fٍ:fG\n]!BM,UHJB%<pMuKݲԾ)fi|ǌjlIvR!/qǌqC?K&~P,奫~E-\0|wc]5ɽcixབ[ڢpĞCNS:LVI2mWu!h8V\nY0 $q|`C>aj.`hn f<|<Cw316BQzmft̩ܣ_{g2@۷L\0Ϣy$Cz\'ux]\"wM3_Hh;[͡vH\0b2qi!T!GG0#3DT1c&WsM%{zeowo?\'/^_EO\0\0G3r>;錯)?ǷÅ\0Ne,\nU`HdG	.k5`g	5rⶓL4C^a{H%ykgfގ(+z>.y2[-[?֧᭞r$4\"jC1ߙdb	+H3%ښڥȎ0ZXG0{k+H{&ߓ.8 F86n5iiBl/}m+>͵mײ\0`#<1Mbote=ou]%cYeX!4	}gi }<Zb)4ZwA+m&!T(ti	MWW>?WE*NRY&}T=C_DkW%zل\0keȟPA8MȤ-c_ :]e)&shtI˦$ݗ~y+\\zAM;3nm}c;u2,ݾфWgNs\n\nˌ7Cj}Uc[5/BV=&2)28%H%i:/o!Z>0=͑\\=ʏOW|^&sǆFr_ozW%_?	KXWĵ|RȔ:NhW;FO<h[\'\022rTB\nI+hߝ\"F\\|Z8/JzpR\'v/eOT/}/?/S%wLVϲYsV-\0;;Xmdd:Dh[Kҡ ^ P{>\nwO07C5k<0\"tFk;HУzPxĉ_\nۯʾPy?2\\GOjȹL\0>[ۇ+Sdg^a{ hi`82).!B`%\0R2Vet4?`]|GaD%n&ImG%{UmoPktһ>okqYn\0#\\k\'L+p_w4q.UAi=9(O8@_#tQ/l2\0xGqYF<5<:${:/vY=qM-ZMOTH{G{>D?2<5r9tԛ-SfR]xH2Ȕ蛓VA#ю%x<Ky4h)|Eà}W֝Q%	r!b;cF7og?/nٙ Zq-n_+m͖[MU=\n+L>VdVYȘ#)Ex}\0$+J\'KL=%{@yĪ()II#$lD}fkrϩO{˖@s+.e`U|m֦;}b]?8Q>zR\\7tv.*{d*rZ00zc;HM\0@y>2O:GeB\nBMӤ6Ea䢝x5f4.7}F,e8?D);K{1^:=%{Wy.wF\0n٣:\\%@¡\"n1+17َ!sA\0hQJOp.!I_2$fz,4iTbzɭDLT6^OpYppW\0]m}>֗ߗ2f~},@>e2g(-aj°\\DъGKK.:CMR:]iJM6j!sf\nCF]V/ٟݦr/+;oy@[&הRgz{\0x`w:ucv)|9e+2gx$G\"dD\'V«M`V\0H&WؓeS%W@G\nawtP:}]7EV|/ӶW[=b8/,UexC_.y_d+Ȭn7M\nG<\"lh\"!6l\nJΝ\0ǧ|@P¡i\'n Hi8Mbkh_ޔ/DE+%gv*n׼wy\0-owqAzۓ3wLdg^qN,Se\n(`OYAlDGNbME}R	@\0UCӔO)%D{\"4LZ#*09ZXOVf?Ōܖۇw}ƻL\0/bց5Ҟc̟欑J:鳖iU<	y2f]CHCØ}	\"[Ә+bhF2O\0\0Wxy¾iJXUBHCki<EbSP0ݫCt̶֨yS_SH_<P	kCNl6WaəQʋ,9N>g<Iꃐ!su#n4aW(r(=A֞D{\"\\&&ϩP\'0@CF1f<ѓa-_=WwL\0/;>\'ǝ?)sTUֻmD\nۛg !z@-LlK~w\"~T!Ԥ\\aziĺ82${Dbh.C4]lukoS_`t?< 	g\'~֗ЗV}Pk/Wu[esͷ|L?UxJeFy^Pv,kvU-_iGL߹Y@\\!-^ѥy_g|6^5Vp7|]=o^lu{|e~sSY׷^]r/wODB\nQ:Q%t堻Q:QOD_#O\0~Sy1;zي̽MUG|/.eX3ى=O#w쉭>Op5rքETܾ<֘ElmĆatx\"+/F1zlU+ߵ|c	`ٖjO~X~է~wB^ߟFW*\'+@)w*zRGj甪;w 	P%CC~3ѯț~]lrm2,OEQ#C?}	k*`+T\\T猀\09&@B6Gi[+~o).}\\&e{&TAc{\\r\n+#?_s\"8gLYĊE.ؓ^>jkǍ	vta-=[6ROgl0|K#V 8uA\"U<֓j?n?wO޼lx5B,KpZǯ~Ww}?>R7~ba=Fgn?:}</_Ԗp7=%{?H1坙ɗ;mTŌLhPw==orgeXOMKN+&n粞uY֓/~c(e,Ts D Qi5#߼탷U}fMX(+,_eXN G?.xe7\\Y+7+M WG՟5~w._eX\"M^NL?+>]2#zr]oy#.v7[klmطՊw!\\=q\0bc`=X^t^=\\l˶l˶l˶l˶l˶l³ˇy\0\0\0\0IENDB`','\0JFIF\0\0\0\0\0\0\0\0	( &!1!%)+...385-7(-.+\n\n\n-%%07------/---8/-+/-----+-----.+--------.-------/---\0\0\0\"\0\0\0\0\0\0\0\0\0\0\0\0\0\0\0\0J\0			\0\0\0\0\0!1AQq\"RTa2Bb#34Ccr$DSds\0\0\0\0\0\0\0\0\0\0\0\0\0\0\0#\0\0\0\0\0\0\0\0\01!A2Q\"a\0\0\0?\0 \0\0\0\0\0\0\0\0)磖tV^L![c(B[Zeq^I(؞s{RRy]N=r=[чgo*֯j-w|gWn귣9{߄8\\\0?*]Kr{)VK\'mR\0]omZqf>UoS\0t;iU~De=ɜVޅWJPoUa:J;̮%NW>c.ɗڼlo}KIn%ԥ/&q#.Ԁ\0\0\0\0\0\0\0\0\0\0\0\0\0\0\0\0UFSQS%mo(\\jނVſԩRn\'\\όͥt1GSkJw`\0wA?.,r<:ͤ9fX̳;SeVmk)WBijnc2}mM]V9tJ:1|\'\'Ӂj5SZ{](hHfXfp_LnjЪ^;wquOouMmW#^zV}%>3%{lwtYƕz[5b\0Cgu}*sqAz=4@\0\0\0\0\0\0\0\0\0\0\0\0\0\0|*m\'Jx\'yQP\\j?ei.4-Y]\\u§7[I$%^^ϩ{[a%^Wfcڻ,^ҡ/J-kV+KtYQϭ-*>KHTSQP+Y-=IiM>)rbg:J_C\0OJu΍XӜq_J}$|6c2f͋mFWւ֥8T\0ӯ-b^f+11R3)OYfYi]ń!7[iJڣj`Zfr]Puj֧,_Kꆧ]k*\0\0\0\0\0\0\0\0\0\0\0\0\0m[ϩAv*o&wvԾ_ĦA\'[1sE9JMF\\e\'#od΄ins~=iuظ.H==wIkh\0z%\':TLKk.D9Uq\"[EiEuq*<G}oMg5ڽ4_zt*ԟf +7KȨTn=Ae9j|汢Srrr#čjpT5)qku3xF¥+~Ik	?RkԈLuLYwYj%AW6bprڶȅğg3(\0\0\0\0\0\0\0\0\0\0\0\0\0xStJ*U\"<Xm\";yxAm)(:RxRz*ö:O.x;|kU|TϼڑN84Q|Tm̪1rʶ1E\\EJZL2PwSu<=l6#.XUs_53mI84^v4|-96j;9<lYww3M\'7mIYz2vŝ,2/\0`\0\0\0\0\0\0\0\0\0\0\0\0\06q>L2._S½hT][I;ʩ2i&%,]L2eI5<ԣQݹMxKdmvA37zq{kBr~6ԗZ}i9}@mKBLctk+@$@\0\0\0\0\0\0\0\0\0\0\0\0\0.QQTt=iK׾>{q[*M%>jo|d[T>߶g*LRާۚWԣQ٥M6yͻ.r8tE~\'`i*4jg?ʟ#2e\0\0\0\0\0\0\0\0\0\0\0\0\0\0\0\0Md]bbOC6\n8&=j>KǗhzzHjݩsL$~/w4d=QxZg3Ǵz\0+L\0\0\0JJHRR9b^Xnm+gsPz~SͤmoQP+[.\\3}9&[\0@\0\0\0\0\0\0\0\0\0\0\0\0\0\0GmZ[-n.hQ\0R0~ެ	n&ȷSw/&֔E1dAk-G]̀*SZRӼBN;?Q㛓soW&[lgL.[u\\C^U!\"]ǡ7DM\0ѸYKԾ50\'N2e\'O{}_Qn]yB-VjIv\\5*UsJpdf1;oY\\޷H]\'2!\0\0\0\0\0\0\0\0\0\0mVXn.#jCZ_؎zOܵOgX\nuxq}4;hӥrzεO\'s?/vm^\\J6Obe*𕍔~u/\\Y̟>`dn֭;Jiҗ1M1B%-)*;ׯyg1?U8]PJ(RRҔ[d<`l{iԦo&xٙ}OHqI}m=L\\\01.*d;-B	z(T]|W{|K}ԇW{R?4=}î9Q1_h*Q?KrRi->rnRmŽ힮ۼ~r3=ӻ~l/=Q%T♌fh-Җx]5#\n5uЇ۔^̾^M%pљ[\0hٰ~r[#2kkZX߾nGNM._eb>}P8Zp9.>ye:[:yWQneD׼:\0\0\0ooZsoZz%)}b8ͥQOŵItsxkQ_o#Rms{ޮM˙#113#113#2.NkM6zMGƤlYB}f3#3:Fc2>c0$f3#3Fc2>c0$f[Μ*ӔjQ¤^k֋y\\qtRt+GtޟC0r{K\nv-#Q?\\\0\0*/yW%/_}ϗg_9ԩի?jmHfFfdl`IfFfdl`IfFfdl`IfFfdl`IfFfdl`IfFfdl`l<6MwN/J؟A.+jPѩNR\0}Vc}O)<jBslN1gC-w5ff>Em_2S>FmO2C>GmO3C<!ΧVc3)GiyOj=fdJ5|m?jfGiPO>L~ cM_~#\0ڇdwm>#O?s&}O~Lm6~c3%[hy|G%6ڇ31\\^k/jvY{t 19^Y{t\"ȍۧfg!v)EK[[ 5Xu}Ggmo?.)w3\0?ɺu)YRNڌ*GTi%cSgz:$Gn[vf[v&WAwrs=e#IK͂ 5wӂ 5oރձт 5\n6L-Vg` a#J38@+ٙ-AZ%ze@S/\0-\0\0\0\0\0\0\0\0\0\0\0\0\0\0\0\0\0\0\0\0\0\0\0\0\0\0\0\0\0\0','green');
SET FOREIGN_KEY_CHECKS=1;

DROP TABLE IF EXISTS producto; SET FOREIGN_KEY_CHECKS=0;

CREATE TABLE `producto` (
  `idproducto` int(11) NOT NULL AUTO_INCREMENT,
  `nombre` varchar(200) NOT NULL,
  `descripcion` varchar(350) NOT NULL,
  `cantidad` int(11) NOT NULL DEFAULT '0',
  `preciounitario` decimal(10,2) NOT NULL DEFAULT '0.00',
  `total` decimal(10,2) NOT NULL DEFAULT '0.00',
  `fechav` date NOT NULL,
  `estado` varchar(45) NOT NULL,
  `idtipoproductos` int(11) NOT NULL,
  PRIMARY KEY (`idproducto`,`idtipoproductos`),
  KEY `fk_producto_tipoproducto_idx` (`idtipoproductos`),
  CONSTRAINT `fk_producto_tipoproducto` FOREIGN KEY (`idtipoproductos`) REFERENCES `tipoproducto` (`idtipoproducto`) ON DELETE CASCADE ON UPDATE CASCADE
) ENGINE=InnoDB AUTO_INCREMENT=11 DEFAULT CHARSET=utf8;

INSERT INTO producto VALUES('1','carne azada','arroz,chimol','97','3.00','291.00','2016-12-16','Activo','1');
INSERT INTO producto VALUES('2','pollo','de arroz','29','4.00','116.00','2016-12-15','Activo','1');
INSERT INTO producto VALUES('3','conejo','arroz','27','6.00','162.00','2016-12-16','Activo','1');
INSERT INTO producto VALUES('5','soda','coca cola','484','2.00','968.00','2018-12-01','Activo','2');
INSERT INTO producto VALUES('6','fabuloso','desinfectante','12','3.00','36.00','2018-12-01','Activo','3');
INSERT INTO producto VALUES('7','manzanas','verdes','105','0.25','26.25','2018-12-21','Activo','4');
INSERT INTO producto VALUES('8','Peras','verdes y grandes','50','0.20','10.00','2018-12-21','Activo','4');
INSERT INTO producto VALUES('9','carne de cerdo','carne fresca','24','5.00','120.00','2018-12-08','Activo','5');
INSERT INTO producto VALUES('10','refri','refri linea blanca','14','1.75','24.50','2019-02-21','Activo','6');
SET FOREIGN_KEY_CHECKS=1;

DROP TABLE IF EXISTS proveedor; SET FOREIGN_KEY_CHECKS=0;

CREATE TABLE `proveedor` (
  `idproveedor` int(11) NOT NULL AUTO_INCREMENT,
  `nombre` varchar(100) NOT NULL,
  `codigo` varchar(45) NOT NULL,
  `telefono` varchar(15) NOT NULL,
  `email` varchar(45) NOT NULL,
  `direccion` varchar(300) NOT NULL,
  `nombrecontacto` varchar(45) NOT NULL,
  `telefonocontacto` varchar(15) NOT NULL,
  `estado` varchar(45) NOT NULL,
  `fecha` date NOT NULL,
  `razon` varchar(300) NOT NULL,
  PRIMARY KEY (`idproveedor`)
) ENGINE=InnoDB AUTO_INCREMENT=8 DEFAULT CHARSET=utf8;

INSERT INTO proveedor VALUES('1','Empresa','coigo','2021-2121','empresa@gmail.com','sgdfgd','fer','2021-2102','Activo','2016-12-11','Activo Correctamente');
INSERT INTO proveedor VALUES('2','','','','','','Martind','2021-2102','Activo','2016-12-15','Activo Correctamente');
INSERT INTO proveedor VALUES('3','Carnes frescas','89788','7896-3214','carnesfrescas@gmail.com','Carretera a san vicente','Sandra nochez','7412-4536','2018-12-08','0000-00-00','dsddsf');
INSERT INTO proveedor VALUES('4','Productos Frescos','89788','7879-7475','productosfrescos@gmail.com','Carretera a Chalatenango','Noe Aragon','7974-5213','Activo','2018-12-08','dsddsf');
INSERT INTO proveedor VALUES('5','La constancia','89788','7982-5412','laconstancia@gmail.com','Carretera a Sonsonate, El Salvador','Maricela Nochez','7845-9621','Activo','2018-12-08','dsddsf');
INSERT INTO proveedor VALUES('6','Selectos','1111','7999-9999','selectos@gmail.com','San Salvador, calle poniente al Banco Central','Magaly Mena','2333-3333','Activo','2018-11-14','Activo Correctamente');
INSERT INTO proveedor VALUES('7','Diana','54545','7777-7777','diana@gmail.com','Carretera a Santa Ana','Luis Saldaña','7788-8888','Activo','2018-11-14','incumplimiento\nsegunda oportunidad');
SET FOREIGN_KEY_CHECKS=1;

DROP TABLE IF EXISTS tipoproducto; SET FOREIGN_KEY_CHECKS=0;

CREATE TABLE `tipoproducto` (
  `idtipoproducto` int(11) NOT NULL AUTO_INCREMENT,
  `nombre` varchar(45) NOT NULL,
  PRIMARY KEY (`idtipoproducto`)
) ENGINE=InnoDB AUTO_INCREMENT=8 DEFAULT CHARSET=utf8;

INSERT INTO tipoproducto VALUES('1','comida');
INSERT INTO tipoproducto VALUES('2','bebida');
INSERT INTO tipoproducto VALUES('3','limpiezaaa');
INSERT INTO tipoproducto VALUES('4','frutas');
INSERT INTO tipoproducto VALUES('5','embutidos');
INSERT INTO tipoproducto VALUES('6','electrodomesticos');
INSERT INTO tipoproducto VALUES('7','golocinas');
SET FOREIGN_KEY_CHECKS=1;

DROP TABLE IF EXISTS tipousuario; SET FOREIGN_KEY_CHECKS=0;

CREATE TABLE `tipousuario` (
  `idtipousuario` int(11) NOT NULL AUTO_INCREMENT,
  `nombre` varchar(45) NOT NULL,
  PRIMARY KEY (`idtipousuario`)
) ENGINE=InnoDB AUTO_INCREMENT=4 DEFAULT CHARSET=utf8;

INSERT INTO tipousuario VALUES('1','administrador');
INSERT INTO tipousuario VALUES('2','usuario');
INSERT INTO tipousuario VALUES('3','estudiante');
SET FOREIGN_KEY_CHECKS=1;

DROP TABLE IF EXISTS usuario; SET FOREIGN_KEY_CHECKS=0;

CREATE TABLE `usuario` (
  `idusuario` int(11) NOT NULL AUTO_INCREMENT,
  `nombre` varchar(100) NOT NULL,
  `apellido` varchar(100) NOT NULL,
  `email` varchar(100) NOT NULL,
  `usuario` varchar(45) NOT NULL,
  `clave` varchar(50) NOT NULL,
  `intentos` int(11) NOT NULL,
  `bloqueado` int(11) NOT NULL,
  `pregunta` varchar(75) NOT NULL,
  `respuesta` varchar(45) NOT NULL,
  `estado` varchar(45) NOT NULL,
  `razon` varchar(200) NOT NULL,
  `idtipousuarios` int(11) NOT NULL,
  PRIMARY KEY (`idusuario`,`idtipousuarios`),
  KEY `fk_usuario_tipousuario1_idx` (`idtipousuarios`),
  CONSTRAINT `fk_usuario_tipousuario1` FOREIGN KEY (`idtipousuarios`) REFERENCES `tipousuario` (`idtipousuario`) ON DELETE CASCADE ON UPDATE CASCADE
) ENGINE=InnoDB AUTO_INCREMENT=4 DEFAULT CHARSET=utf8;

INSERT INTO usuario VALUES('1','francisco','viscarra','Visc44@hotmail.com','francisco','827ccb0eea8a706c4c34a16891f84e7b','0','0','Su nombre','yoselin','Activo','Activo Correctamente','1');
INSERT INTO usuario VALUES('2','darwin','flores','darwin@gmail.com','darwin','827ccb0eea8a706c4c34a16891f84e7b','0','0','darwin','darwin','Activo','Activado Correctamente','2');
INSERT INTO usuario VALUES('3','Yasmin','Rivas','rivasjazmin@gmail.com','yazz','hobi94','1','0','nombre de su bias?','hoseok','Activo','Activado Correctamente','1');
SET FOREIGN_KEY_CHECKS=1;

DROP TABLE IF EXISTS venta; SET FOREIGN_KEY_CHECKS=0;

CREATE TABLE `venta` (
  `idventa` int(11) NOT NULL AUTO_INCREMENT,
  `fechaventa` date NOT NULL,
  `idcliente` int(11) NOT NULL,
  `idusuario` int(11) NOT NULL,
  PRIMARY KEY (`idventa`),
  KEY `cliente_ibfk_1` (`idcliente`),
  KEY `usuario_ibfk_1` (`idusuario`),
  CONSTRAINT `cliente_ibfk_1` FOREIGN KEY (`idcliente`) REFERENCES `cliente` (`idcliente`),
  CONSTRAINT `usuario_ibfk_1` FOREIGN KEY (`idusuario`) REFERENCES `usuario` (`idusuario`)
) ENGINE=InnoDB AUTO_INCREMENT=19 DEFAULT CHARSET=latin1;

INSERT INTO venta VALUES('1','2018-11-18','2','1');
INSERT INTO venta VALUES('2','2018-11-18','5','1');
INSERT INTO venta VALUES('3','2018-11-18','2','1');
INSERT INTO venta VALUES('4','2018-11-18','1','1');
INSERT INTO venta VALUES('5','2018-11-18','5','1');
INSERT INTO venta VALUES('6','2018-11-18','5','1');
INSERT INTO venta VALUES('7','2018-11-18','2','1');
INSERT INTO venta VALUES('8','2018-11-18','5','1');
INSERT INTO venta VALUES('9','2018-11-18','5','1');
INSERT INTO venta VALUES('10','2018-11-18','3','1');
INSERT INTO venta VALUES('11','2018-11-18','3','1');
INSERT INTO venta VALUES('12','2018-11-18','3','1');
INSERT INTO venta VALUES('13','2018-11-18','1','1');
INSERT INTO venta VALUES('14','2018-12-01','6','1');
INSERT INTO venta VALUES('15','2018-12-08','3','1');
INSERT INTO venta VALUES('16','2018-12-08','5','1');
INSERT INTO venta VALUES('17','2018-12-08','6','1');
INSERT INTO venta VALUES('18','2019-02-13','9','1');
SET FOREIGN_KEY_CHECKS=1;

DROP TABLE IF EXISTS ver_cliente; SET FOREIGN_KEY_CHECKS=0;

CREATE ALGORITHM=UNDEFINED DEFINER=`root`@`localhost` SQL SECURITY DEFINER VIEW `ver_cliente` AS select `cliente`.`idcliente` AS `idcliente`,`cliente`.`nombre` AS `nombre`,`cliente`.`apellido` AS `apellido`,`cliente`.`dui` AS `dui`,`cliente`.`telefono` AS `telefono`,`cliente`.`direccion` AS `direccion`,`cliente`.`email` AS `email` from `cliente`;

INSERT INTO ver_cliente VALUES('1','&','&','','','','');
INSERT INTO ver_cliente VALUES('2','fernado','antonio','20220121-2','2012-1212','Zacatecoluca','dar@gmail.com');
INSERT INTO ver_cliente VALUES('3','CARLOS','RAMIREZ','20212102-1','7878-8888','Santa Ana','ramir@gmail.com');
INSERT INTO ver_cliente VALUES('5','andrea','LINARES','05189789-5','7895-6458','san salvador','andrea@gmail.com');
INSERT INTO ver_cliente VALUES('6','tere','MOLINA','85421452-1','7877-2534','San salvador','vanessa@gmail.com');
INSERT INTO ver_cliente VALUES('8','Jose','MENJIVAR','85421453-2','7895-4215','San Salvador','jose@gmail.com');
INSERT INTO ver_cliente VALUES('9','erick','MEJIA','','2225-6366','san salvador','erick@gmail');
SET FOREIGN_KEY_CHECKS=1;

DROP TABLE IF EXISTS ver_producto; SET FOREIGN_KEY_CHECKS=0;

CREATE ALGORITHM=UNDEFINED DEFINER=`root`@`localhost` SQL SECURITY DEFINER VIEW `ver_producto` AS select `producto`.`idproducto` AS `idproducto`,`producto`.`nombre` AS `nombre`,`producto`.`descripcion` AS `descripcion`,`producto`.`cantidad` AS `cantidad`,`producto`.`preciounitario` AS `preciounitario`,`producto`.`total` AS `total`,`producto`.`fechav` AS `fechav`,`producto`.`estado` AS `estado`,`producto`.`idtipoproductos` AS `idtipoproductos`,`tipoproducto`.`nombre` AS `nombretipo` from (`producto` join `tipoproducto` on((`producto`.`idtipoproductos` = `tipoproducto`.`idtipoproducto`)));

INSERT INTO ver_producto VALUES('1','carne azada','arroz,chimol','97','3.00','291.00','2016-12-16','Activo','1','comida');
INSERT INTO ver_producto VALUES('2','pollo','de arroz','29','4.00','116.00','2016-12-15','Activo','1','comida');
INSERT INTO ver_producto VALUES('3','conejo','arroz','27','6.00','162.00','2016-12-16','Activo','1','comida');
INSERT INTO ver_producto VALUES('5','soda','coca cola','484','2.00','968.00','2018-12-01','Activo','2','bebida');
INSERT INTO ver_producto VALUES('6','fabuloso','desinfectante','12','3.00','36.00','2018-12-01','Activo','3','limpiezaaa');
INSERT INTO ver_producto VALUES('7','manzanas','verdes','105','0.25','26.25','2018-12-21','Activo','4','frutas');
INSERT INTO ver_producto VALUES('8','Peras','verdes y grandes','50','0.20','10.00','2018-12-21','Activo','4','frutas');
INSERT INTO ver_producto VALUES('9','carne de cerdo','carne fresca','24','5.00','120.00','2018-12-08','Activo','5','embutidos');
INSERT INTO ver_producto VALUES('10','refri','refri linea blanca','14','1.75','24.50','2019-02-21','Activo','6','electrodomesticos');
SET FOREIGN_KEY_CHECKS=1;

DROP TABLE IF EXISTS ver_proveedor; SET FOREIGN_KEY_CHECKS=0;

CREATE ALGORITHM=UNDEFINED DEFINER=`root`@`localhost` SQL SECURITY DEFINER VIEW `ver_proveedor` AS select `proveedor`.`idproveedor` AS `idproveedor`,`proveedor`.`nombre` AS `nombre`,`proveedor`.`codigo` AS `codigo`,`proveedor`.`telefono` AS `telefono`,`proveedor`.`email` AS `email`,`proveedor`.`direccion` AS `direccion`,`proveedor`.`nombrecontacto` AS `nombrecontacto`,`proveedor`.`telefonocontacto` AS `telefonocontacto`,`proveedor`.`estado` AS `estado`,`proveedor`.`fecha` AS `fecha`,`proveedor`.`razon` AS `razon` from `proveedor`;

INSERT INTO ver_proveedor VALUES('1','Empresa','coigo','2021-2121','empresa@gmail.com','sgdfgd','fer','2021-2102','Activo','2016-12-11','Activo Correctamente');
INSERT INTO ver_proveedor VALUES('2','','','','','','Martind','2021-2102','Activo','2016-12-15','Activo Correctamente');
INSERT INTO ver_proveedor VALUES('3','Carnes frescas','89788','7896-3214','carnesfrescas@gmail.com','Carretera a san vicente','Sandra nochez','7412-4536','2018-12-08','0000-00-00','dsddsf');
INSERT INTO ver_proveedor VALUES('4','Productos Frescos','89788','7879-7475','productosfrescos@gmail.com','Carretera a Chalatenango','Noe Aragon','7974-5213','Activo','2018-12-08','dsddsf');
INSERT INTO ver_proveedor VALUES('5','La constancia','89788','7982-5412','laconstancia@gmail.com','Carretera a Sonsonate, El Salvador','Maricela Nochez','7845-9621','Activo','2018-12-08','dsddsf');
INSERT INTO ver_proveedor VALUES('6','Selectos','1111','7999-9999','selectos@gmail.com','San Salvador, calle poniente al Banco Central','Magaly Mena','2333-3333','Activo','2018-11-14','Activo Correctamente');
INSERT INTO ver_proveedor VALUES('7','Diana','54545','7777-7777','diana@gmail.com','Carretera a Santa Ana','Luis Saldaña','7788-8888','Activo','2018-11-14','incumplimiento\nsegunda oportunidad');
SET FOREIGN_KEY_CHECKS=1;

DROP TABLE IF EXISTS ver_tipoproducto; SET FOREIGN_KEY_CHECKS=0;

CREATE ALGORITHM=UNDEFINED DEFINER=`root`@`localhost` SQL SECURITY DEFINER VIEW `ver_tipoproducto` AS select `tipoproducto`.`idtipoproducto` AS `idtipoproducto`,`tipoproducto`.`nombre` AS `nombre` from `tipoproducto`;

INSERT INTO ver_tipoproducto VALUES('1','comida');
INSERT INTO ver_tipoproducto VALUES('2','bebida');
INSERT INTO ver_tipoproducto VALUES('3','limpiezaaa');
INSERT INTO ver_tipoproducto VALUES('4','frutas');
INSERT INTO ver_tipoproducto VALUES('5','embutidos');
INSERT INTO ver_tipoproducto VALUES('6','electrodomesticos');
INSERT INTO ver_tipoproducto VALUES('7','golocinas');
SET FOREIGN_KEY_CHECKS=1;

DROP TABLE IF EXISTS ver_tipousuario; SET FOREIGN_KEY_CHECKS=0;

CREATE ALGORITHM=UNDEFINED DEFINER=`root`@`localhost` SQL SECURITY DEFINER VIEW `ver_tipousuario` AS select `tipousuario`.`idtipousuario` AS `idtipousuario`,`tipousuario`.`nombre` AS `nombre` from `tipousuario`;

INSERT INTO ver_tipousuario VALUES('1','administrador');
INSERT INTO ver_tipousuario VALUES('2','usuario');
INSERT INTO ver_tipousuario VALUES('3','estudiante');
SET FOREIGN_KEY_CHECKS=1;

DROP TABLE IF EXISTS ver_usuario; SET FOREIGN_KEY_CHECKS=0;

CREATE ALGORITHM=UNDEFINED DEFINER=`root`@`localhost` SQL SECURITY DEFINER VIEW `ver_usuario` AS select `usuario`.`idusuario` AS `idusuario`,`usuario`.`nombre` AS `nombre`,`usuario`.`apellido` AS `apellido`,`usuario`.`email` AS `email`,`usuario`.`usuario` AS `usuario`,`usuario`.`clave` AS `clave`,`usuario`.`intentos` AS `intentos`,`usuario`.`bloqueado` AS `bloqueado`,`usuario`.`pregunta` AS `pregunta`,`usuario`.`respuesta` AS `respuesta`,`usuario`.`estado` AS `estado`,`usuario`.`razon` AS `razon`,`usuario`.`idtipousuarios` AS `idtipousuarios`,`tipousuario`.`nombre` AS `nombretipo` from (`usuario` join `tipousuario` on((`usuario`.`idtipousuarios` = `tipousuario`.`idtipousuario`)));

INSERT INTO ver_usuario VALUES('1','francisco','viscarra','Visc44@hotmail.com','francisco','827ccb0eea8a706c4c34a16891f84e7b','0','0','Su nombre','yoselin','Activo','Activo Correctamente','1','administrador');
INSERT INTO ver_usuario VALUES('3','Yasmin','Rivas','rivasjazmin@gmail.com','yazz','hobi94','1','0','nombre de su bias?','hoseok','Activo','Activado Correctamente','1','administrador');
INSERT INTO ver_usuario VALUES('2','darwin','flores','darwin@gmail.com','darwin','827ccb0eea8a706c4c34a16891f84e7b','0','0','darwin','darwin','Activo','Activado Correctamente','2','usuario');
SET FOREIGN_KEY_CHECKS=1;

